dat;station_id;process;lon;lat;type;dat_QC;lat_QC;lon_QC;imei;seqnumber;sea_water_pressure;sea_water_pressure_QC;sea_water_temperature;sea_water_temperature_QC;salinity;salinity_QC;date_of_the_first_ctd_sample_hours;date_of_the_first_ctd_sample_minutes;date_of_the_first_ctd_sample_seconds;cycle_number;iridium_session_number;floats_firmware_checksum;float_serial_number;day_of_beginning;month_of_beginning;year_of_beginning;relative_start_day;cycle_start_time;hydraulic_1st_action_duration_at_surface;number_of_simple_valve_actions_at_the_surface;grounded_at_surface_flag;descent_to_parking_depth_start_time;float_first_stabilisation_time_during_descent_to_parking_depth;descent_to_parking_depth_end_time;number_of_valve_actions_during_descent_to_parking_depth;number_of_pump_actions_during_descent_to_parking_depth;float_first_stabilisation_pressure_during_descent_to_parking_depth;max_pressure_during_descent_to_parking_depth;beginning_drift_phase_at_parking_depth_absolute_day;number_of_entrance_in_drift_target_range_-_descent;number_of_repositions_during_drift_at_parking_depth;minimum_pressure_during_drift_at_parking_depth;maximum_pressure_during_drift_at_parking_depth;number_of_valve_actions_during_drift_at_parking_depth;number_of_pump_actions_during_drift_at_parking_depth;descent_to_profile_depth_start_time;descent_to_profile_depth_end_time;number_of_valve_actions_during_descent_to_profile_depth;number_of_pump_actions_during_descent_to_profile_depth;max_pressure_during_descent_to_profile_depth;number_of_entrance_in_drift_target_range;number_of_repositions_during_drift_at_profile_depth;number_of_valve_actions_during_drift_at_profile_depth;number_of_pump_actions_during_drift_at_profile_depth;minimum_pressure_during_drift_at_profile_depth;maximum_pressure_during_drift_at_profile_depth;ascent_start_time;transmission_start_time;number_of_pump_actions_during_ascent;float_hour;float_minute;float_second;float_day;float_month;float_year;pressure_sensor_offset;internal_pressure;batteries_voltage_drop_at_pmax;rtc_state_indicator;coherence_problem_counter;oxygen_sensor_status;gps_latitude_in_degrees;gps_latitude_in_minutes;gps_latitude_in_minutes_fractions;gps_latitude_orientation;gps_longitude_in_degrees;gps_longitude_in_minutes;gps_longitude_in_minutes_fractions;gps_longitude_orientation;gps_valid_fix;gps_session_duration;gps_session_timeout;pump_duration;antenna_status;end_of_life_detection_flag;end_of_life_start_hour;end_of_life_start_minute;end_of_life_start_second;end_of_life_start_day;end_of_life_start_month;end_of_life_start_year;system_calendar_retiming;first_or_second_session_indicator;number_of_descent_ctd-o_packets;number_of_drift_ctd-o_packets;number_of_ascent_ctd-o_packets;number_of_near_surface_ctd-o_packets;number_of_in_air_ctd-o_packets;number_of_descent_slices_in_shallow_zone;number_of_descent_slices_in_deep_zone;number_of_ctd-o_measurements_in_drift;number_of_ascent_slices_in_shallow_zone;number_of_ascent_slices_in_deep_zone;number_of_near_surface_ctd-o_measurements;number_of_in_air_ctd-o_measurements;sub-surface_pressure;sub-surface_temperature;sub-surface_salinity;sub-surface_c1phase;sub-surface_c2phase;sub-surface_optode_temperature;grounding_number;first_grounding_pressure;first_grounding_day;first_grounding_hour;first_grounding_phase;number_of_valve_actions_before_first_grounding_detection;second_grounding_pressure;second_grounding_day;second_grounding_hour;second_grounding_phase;number_of_valve_actions_before_second_grounding_detection;emergency_ascent_number;first_emergency_ascent_time;first_emergency_ascent_pressure;number_of_pump_actions_in_emergency_ascent;first_emergency_ascent_day;number_of_remote_files_received;number_of_remote_files_rejected;number_of_remote_commands_received;number_of_remote_commands_rejected;previous_iridium_transmission_duration;number_of_sbd_sessions_for_reception;number_of_sbd_sessions_for_transmission;number_of_pump_actions_before_float_begins_ascent;internal_vacuum_at_ascent_start-up;last_reset_time_hh;last_reset_time_mm;last_reset_time_ss;last_reset_date_jj;last_reset_date_mm;last_reset_date_aa;autotest;detailed_autotest;parameter_integrity_test;positive_buoyancy_at_deployment;ctd_status;float_phase_during_ctd_default_detection;hydraulic_type;ice_detection_flag;float_time_hh;float_time_mm;float_time_ss;float_date_dd;float_date_mm;float_date_yy;total_number_of_cycles_-mc_0-;number_of_cycles_with_cycle_period_1_-mc_1-;cycle_period_1_-mc_2-;cycle_period_2_-mc_3-;reference_day_-mc_4-;expected_time_at_the_surface_-mc_5-;delay_before_mission_-mc6-;ctd_sensor_acquisition_mode_-mc_7-;descent_sampling_period_-mc_8-;drift_sampling_period_-mc_9-;ascent_sampling_period_-mc_10-;drift_depth_used_during_mc1_first_cycle_-mc_11-;profile_depth_used_during_mc1_first_cycle_-mc_12-;drift_depth_used_with_cycle_period_mc2_-mc_13-;profile_depth_used_with_cycle_period_mc2_-mc_14-;alternated_profile_period_-mc_15-;profile_pressure_of_alternated_profile_-mc_16-;threshold_surface-intermediate_pressure_-mc_17-;threshold_intermediate-bottom_pressure_-mc18-;surface_slice_thickness_-mc_19-;intermediate_slice_thickness_-mc_20-;bottom_slice_thickness_-mc_21-;iridium_end_of_life_transmission_period_-mc_22-;second_iridium_session_wait_period_-mc23-;grounding_mode_-mc24-;grounding_switch_pressure_-mc25-;delay_after_grounding_at_surface_-mc26-;optode_type_-mc27-;ctd_sensor_cut-off_pressure_-mc_28-;in_air_acquisition_cycle_periodicity_-mc29-;in_air_acquisition_sampling_period_-mc30-;in_air_acquisition_total_duration_-mc31-;max_valve_activation_on_surface_-tc_0-;max_volume_of_valve_action_during_descent_and_repositioning_-tc_1-;max_pump_duration_during_repositioning_-tc_2-;max_pump_duration_during_ascent_-tc_3-;nominal_pump_duration_during_buoyancy_acquisition_-tc_4-;pressure_target_tolerance_for_stabilization_-tc_5-;max_pressure_before_emergency_ascent_-tc_6-;1st_threshold_for_buoyancy_reduction_-tc_7-;2nd_threshold_for_buoyancy_reduction_-tc_8-;number_of_out_of_tolerance_pressures_before_repositioning_-tc_9-;max_volume_before_grounding_detection_-tc_10-;min_pressure_for_shift_grounding_mode_-tc_11-;pressure_target_tolerance_during_subsurface_drift_-tc_12-;average_descent_speed_-tc_13-;parking_pressure_increment_between_cycles_-tc_14-;ascent_end_pressure_-tc_15-;average_ascent_speed_-tc_16-;pressure_check_time_period_during_ascent_-tc_17-;vertical_threshold_for_buoyancy_action_during_ascent-tc_18-;gps_timeout_-tc19-;hydraulic_message_transmission_-tc_20-;delay_before_resetoffset_-tc_21-;pump_duration_for_surfacing_with_in_air_acquisition_-tc_22-;iridium_timeout_-tc_23-;descent_speed_control_period_-tc24-;descent_speed_control_pressure_-tc25-;self_test_internal_vacuum_offset_-tc26-;internal_pressure_calibration_coef_a_-tc_27-;internal_pressure_calibration_coef_b_-tc_28-;c1phase;c1phase_QC;c2phase;c2phase_QC;temp_optode;temp_optode_QC;cycle_beginning_relative_day;cycle_beginning_hour;hydraulic_action_type;hydraulic_action_hour;hydraulic_action_pressure;hydraulic_action_duration;bmkg_id;wmoID;wigosID;config_mission_number
2026-06-06T05:14:24Z;wigos_id:0-22000-0-6990605;ARVORI;131.59325;-4.945083333333333;technical;1;1;1;300534063313500;351;;;;;;;;;;50;0;11415;22010;26;9;25;480;358;232;16;0;388;423;960;10;0;64;1022;26;1;1;953;1057;1;2;703;1373;9;5;2043;5;0;0;0;1985;1985;1373;313;16;5;14;24;6;10;25;3;610;9.6;0;0;2;4;56;7050;1;131;35;595;0;1;32;0;0;1;0;0;0;0;0;0;0;65524;;;;;;;;;;;;;;;;;;;;;;;;;;;;;;;;;;;;;;;;;;;;;;;;;;;;;;;;;;;;;;;;;;;;;;;;;;;;;;;;;;;;;;;;;;;;;;;;;;;;;;;;;;;;;;;;;;;;;;;;;;;;;;;;;;;;;;;;;;FIBNDA2406010;6990605;0-22000-0-6990605;3
2026-06-06T05:14:24Z;wigos_id:0-22000-0-6990605;ARVORI;131.59325;-4.945083333333333;technical2;1;1;1;300534063313500;351;;;;;;;;;;50;;;;;;;;;;;;;;;;;;;;;;;;;;;;;;;;;;;;;;;;;;;;;;;;;;;;;;;;;;;;;;;;;;;;;;;;;0;0;2;7;0;0;0;0;17;30;72;0;0;5.1;28.835;33.704;0;0;0.0;0;0;0;0;0;0;0;0;0;0;0;0;0;0;0;0;0;0;0;0;83;1;5;3;600;19;35;54;3;6;24;1;895;1;0;0;255;0;0;;;;;;;;;;;;;;;;;;;;;;;;;;;;;;;;;;;;;;;;;;;;;;;;;;;;;;;;;;;;;;;;;;;;;;;;;;;;;;;;FIBNDA2406010;6990605;0-22000-0-6990605;3
2026-05-31T04:00:50Z;wigos_id:0-22000-0-6990605;ARVORI;131.59325;-4.945083333333333;drift;1;1;1;300534063313500;351;1038.8;1;278.108;1;34.591;1;11548;0;50;50;;;;;;;;;;;;;;;;;;;;;;;;;;;;;;;;;;;;;;;;;;;;;;;;;;;;;;;;;;;;;;;;;;;;;;;;;;;;;;;;;;;;;;;;;;;;;;;;;;;;;;;;;;;;;;;;;;;;;;;;;;;;;;;;;;;;;;;;;;;;;;;;;;;;;;;;;;;;;;;;;;;;;;;;;;;;;;;;;;;;;;;;;;;;;;;;;;;;;;;;;;;;;;;;;;FIBNDA2406010;;;
2026-05-31T16:00:50Z;wigos_id:0-22000-0-6990605;ARVORI;131.59325;-4.945083333333333;drift;1;1;1;300534063313500;351;1038.4;4;277.931;1;34.594;1;11548;0;50;50;;;;;;;;;;;;;;;;;;;;;;;;;;;;;;;;;;;;;;;;;;;;;;;;;;;;;;;;;;;;;;;;;;;;;;;;;;;;;;;;;;;;;;;;;;;;;;;;;;;;;;;;;;;;;;;;;;;;;;;;;;;;;;;;;;;;;;;;;;;;;;;;;;;;;;;;;;;;;;;;;;;;;;;;;;;;;;;;;;;;;;;;;;;;;;;;;;;;;;;;;;;;;;;;;;FIBNDA2406010;;;
2026-05-28T04:00:50Z;wigos_id:0-22000-0-6990605;ARVORI;131.59325;-4.945083333333333;drift;1;1;1;300534063313500;351;971.7;1;278.479;1;34.589;1;11548;0;50;50;;;;;;;;;;;;;;;;;;;;;;;;;;;;;;;;;;;;;;;;;;;;;;;;;;;;;;;;;;;;;;;;;;;;;;;;;;;;;;;;;;;;;;;;;;;;;;;;;;;;;;;;;;;;;;;;;;;;;;;;;;;;;;;;;;;;;;;;;;;;;;;;;;;;;;;;;;;;;;;;;;;;;;;;;;;;;;;;;;;;;;;;;;;;;;;;;;;;;;;;;;;;;;;;;;FIBNDA2406010;;;
2026-05-28T16:00:50Z;wigos_id:0-22000-0-6990605;ARVORI;131.59325;-4.945083333333333;drift;1;1;1;300534063313500;351;974.3;1;278.219;1;34.591;1;11548;0;50;50;;;;;;;;;;;;;;;;;;;;;;;;;;;;;;;;;;;;;;;;;;;;;;;;;;;;;;;;;;;;;;;;;;;;;;;;;;;;;;;;;;;;;;;;;;;;;;;;;;;;;;;;;;;;;;;;;;;;;;;;;;;;;;;;;;;;;;;;;;;;;;;;;;;;;;;;;;;;;;;;;;;;;;;;;;;;;;;;;;;;;;;;;;;;;;;;;;;;;;;;;;;;;;;;;;FIBNDA2406010;;;
2026-05-29T04:00:50Z;wigos_id:0-22000-0-6990605;ARVORI;131.59325;-4.945083333333333;drift;1;1;1;300534063313500;351;973.3;4;278.33;1;34.589;1;11548;0;50;50;;;;;;;;;;;;;;;;;;;;;;;;;;;;;;;;;;;;;;;;;;;;;;;;;;;;;;;;;;;;;;;;;;;;;;;;;;;;;;;;;;;;;;;;;;;;;;;;;;;;;;;;;;;;;;;;;;;;;;;;;;;;;;;;;;;;;;;;;;;;;;;;;;;;;;;;;;;;;;;;;;;;;;;;;;;;;;;;;;;;;;;;;;;;;;;;;;;;;;;;;;;;;;;;;;FIBNDA2406010;;;
2026-05-29T16:00:50Z;wigos_id:0-22000-0-6990605;ARVORI;131.59325;-4.945083333333333;drift;1;1;1;300534063313500;351;955.6;4;278.142;1;34.593;1;11548;0;50;50;;;;;;;;;;;;;;;;;;;;;;;;;;;;;;;;;;;;;;;;;;;;;;;;;;;;;;;;;;;;;;;;;;;;;;;;;;;;;;;;;;;;;;;;;;;;;;;;;;;;;;;;;;;;;;;;;;;;;;;;;;;;;;;;;;;;;;;;;;;;;;;;;;;;;;;;;;;;;;;;;;;;;;;;;;;;;;;;;;;;;;;;;;;;;;;;;;;;;;;;;;;;;;;;;;FIBNDA2406010;;;
2026-05-30T04:00:50Z;wigos_id:0-22000-0-6990605;ARVORI;131.59325;-4.945083333333333;drift;1;1;1;300534063313500;351;968.3;1;278.25899999999996;1;34.591;1;11548;0;50;50;;;;;;;;;;;;;;;;;;;;;;;;;;;;;;;;;;;;;;;;;;;;;;;;;;;;;;;;;;;;;;;;;;;;;;;;;;;;;;;;;;;;;;;;;;;;;;;;;;;;;;;;;;;;;;;;;;;;;;;;;;;;;;;;;;;;;;;;;;;;;;;;;;;;;;;;;;;;;;;;;;;;;;;;;;;;;;;;;;;;;;;;;;;;;;;;;;;;;;;;;;;;;;;;;;FIBNDA2406010;;;
2026-05-30T16:00:50Z;wigos_id:0-22000-0-6990605;ARVORI;131.59325;-4.945083333333333;drift;1;1;1;300534063313500;351;966.2;4;278.157;1;34.592;1;11548;0;50;50;;;;;;;;;;;;;;;;;;;;;;;;;;;;;;;;;;;;;;;;;;;;;;;;;;;;;;;;;;;;;;;;;;;;;;;;;;;;;;;;;;;;;;;;;;;;;;;;;;;;;;;;;;;;;;;;;;;;;;;;;;;;;;;;;;;;;;;;;;;;;;;;;;;;;;;;;;;;;;;;;;;;;;;;;;;;;;;;;;;;;;;;;;;;;;;;;;;;;;;;;;;;;;;;;;FIBNDA2406010;;;
2026-06-01T04:00:50Z;wigos_id:0-22000-0-6990605;ARVORI;131.59325;-4.945083333333333;drift;1;1;1;300534063313500;351;979.6;4;278.24899999999997;1;34.59;1;11548;0;50;50;;;;;;;;;;;;;;;;;;;;;;;;;;;;;;;;;;;;;;;;;;;;;;;;;;;;;;;;;;;;;;;;;;;;;;;;;;;;;;;;;;;;;;;;;;;;;;;;;;;;;;;;;;;;;;;;;;;;;;;;;;;;;;;;;;;;;;;;;;;;;;;;;;;;;;;;;;;;;;;;;;;;;;;;;;;;;;;;;;;;;;;;;;;;;;;;;;;;;;;;;;;;;;;;;;FIBNDA2406010;;;
2026-06-01T16:00:50Z;wigos_id:0-22000-0-6990605;ARVORI;131.59325;-4.945083333333333;drift;1;1;1;300534063313500;351;969.3;4;278.15999999999997;1;34.592;1;11548;0;50;50;;;;;;;;;;;;;;;;;;;;;;;;;;;;;;;;;;;;;;;;;;;;;;;;;;;;;;;;;;;;;;;;;;;;;;;;;;;;;;;;;;;;;;;;;;;;;;;;;;;;;;;;;;;;;;;;;;;;;;;;;;;;;;;;;;;;;;;;;;;;;;;;;;;;;;;;;;;;;;;;;;;;;;;;;;;;;;;;;;;;;;;;;;;;;;;;;;;;;;;;;;;;;;;;;;FIBNDA2406010;;;
2026-06-02T04:00:50Z;wigos_id:0-22000-0-6990605;ARVORI;131.59325;-4.945083333333333;drift;1;1;1;300534063313500;351;981.5;1;278.16999999999996;1;34.591;1;11548;0;50;50;;;;;;;;;;;;;;;;;;;;;;;;;;;;;;;;;;;;;;;;;;;;;;;;;;;;;;;;;;;;;;;;;;;;;;;;;;;;;;;;;;;;;;;;;;;;;;;;;;;;;;;;;;;;;;;;;;;;;;;;;;;;;;;;;;;;;;;;;;;;;;;;;;;;;;;;;;;;;;;;;;;;;;;;;;;;;;;;;;;;;;;;;;;;;;;;;;;;;;;;;;;;;;;;;;FIBNDA2406010;;;
2026-06-02T16:00:50Z;wigos_id:0-22000-0-6990605;ARVORI;131.59325;-4.945083333333333;drift;1;1;1;300534063313500;351;981.8;1;278.21299999999997;1;34.591;1;11548;0;50;50;;;;;;;;;;;;;;;;;;;;;;;;;;;;;;;;;;;;;;;;;;;;;;;;;;;;;;;;;;;;;;;;;;;;;;;;;;;;;;;;;;;;;;;;;;;;;;;;;;;;;;;;;;;;;;;;;;;;;;;;;;;;;;;;;;;;;;;;;;;;;;;;;;;;;;;;;;;;;;;;;;;;;;;;;;;;;;;;;;;;;;;;;;;;;;;;;;;;;;;;;;;;;;;;;;FIBNDA2406010;;;
2026-06-03T04:00:50Z;wigos_id:0-22000-0-6990605;ARVORI;131.59325;-4.945083333333333;drift;1;1;1;300534063313500;351;977.2;4;278.063;1;34.592;1;11548;0;50;50;;;;;;;;;;;;;;;;;;;;;;;;;;;;;;;;;;;;;;;;;;;;;;;;;;;;;;;;;;;;;;;;;;;;;;;;;;;;;;;;;;;;;;;;;;;;;;;;;;;;;;;;;;;;;;;;;;;;;;;;;;;;;;;;;;;;;;;;;;;;;;;;;;;;;;;;;;;;;;;;;;;;;;;;;;;;;;;;;;;;;;;;;;;;;;;;;;;;;;;;;;;;;;;;;;FIBNDA2406010;;;
2026-06-03T16:00:50Z;wigos_id:0-22000-0-6990605;ARVORI;131.59325;-4.945083333333333;drift;1;1;1;300534063313500;351;987.4;1;278.28099999999995;1;34.59;1;11548;0;50;50;;;;;;;;;;;;;;;;;;;;;;;;;;;;;;;;;;;;;;;;;;;;;;;;;;;;;;;;;;;;;;;;;;;;;;;;;;;;;;;;;;;;;;;;;;;;;;;;;;;;;;;;;;;;;;;;;;;;;;;;;;;;;;;;;;;;;;;;;;;;;;;;;;;;;;;;;;;;;;;;;;;;;;;;;;;;;;;;;;;;;;;;;;;;;;;;;;;;;;;;;;;;;;;;;;FIBNDA2406010;;;
2026-06-04T04:00:50Z;wigos_id:0-22000-0-6990605;ARVORI;131.59325;-4.945083333333333;drift;1;1;1;300534063313500;351;980.1;1;278.10699999999997;1;34.592;1;11548;0;50;50;;;;;;;;;;;;;;;;;;;;;;;;;;;;;;;;;;;;;;;;;;;;;;;;;;;;;;;;;;;;;;;;;;;;;;;;;;;;;;;;;;;;;;;;;;;;;;;;;;;;;;;;;;;;;;;;;;;;;;;;;;;;;;;;;;;;;;;;;;;;;;;;;;;;;;;;;;;;;;;;;;;;;;;;;;;;;;;;;;;;;;;;;;;;;;;;;;;;;;;;;;;;;;;;;;FIBNDA2406010;;;
2026-06-04T16:00:50Z;wigos_id:0-22000-0-6990605;ARVORI;131.59325;-4.945083333333333;drift;1;1;1;300534063313500;351;982.6;1;278.282;1;34.59;1;11728;0;52;50;;;;;;;;;;;;;;;;;;;;;;;;;;;;;;;;;;;;;;;;;;;;;;;;;;;;;;;;;;;;;;;;;;;;;;;;;;;;;;;;;;;;;;;;;;;;;;;;;;;;;;;;;;;;;;;;;;;;;;;;;;;;;;;;;;;;;;;;;;;;;;;;;;;;;;;;;;;;;;;;;;;;;;;;;;;;;;;;;;;;;;;;;;;;;;;;;;;;;;;;;;;;;;;;;;FIBNDA2406010;;;
2026-06-05T04:00:50Z;wigos_id:0-22000-0-6990605;ARVORI;131.59325;-4.945083333333333;drift;1;1;1;300534063313500;351;982.7;1;278.018;1;34.593;1;11728;0;52;50;;;;;;;;;;;;;;;;;;;;;;;;;;;;;;;;;;;;;;;;;;;;;;;;;;;;;;;;;;;;;;;;;;;;;;;;;;;;;;;;;;;;;;;;;;;;;;;;;;;;;;;;;;;;;;;;;;;;;;;;;;;;;;;;;;;;;;;;;;;;;;;;;;;;;;;;;;;;;;;;;;;;;;;;;;;;;;;;;;;;;;;;;;;;;;;;;;;;;;;;;;;;;;;;;;FIBNDA2406010;;;
2026-06-05T23:03:41Z;wigos_id:0-22000-0-6990605;ARVORI;131.59325;-4.945083333333333;ascent;1;1;1;300534063313500;351;1990.7;1;276.43699999999995;1;34.608;1;11759;3;41;50;;;;;;;;;;;;;;;;;;;;;;;;;;;;;;;;;;;;;;;;;;;;;;;;;;;;;;;;;;;;;;;;;;;;;;;;;;;;;;;;;;;;;;;;;;;;;;;;;;;;;;;;;;;;;;;;;;;;;;;;;;;;;;;;;;;;;;;;;;;;;;;;;;;;;;;;;;;;;;;;;;;;;;;;;;;;;;;;;;;;;;;;;;;;;;;;;;;;;;;;;;;;;;;;;;FIBNDA2406010;;;
2026-06-05T23:08:47Z;wigos_id:0-22000-0-6990605;ARVORI;131.59325;-4.945083333333333;ascent;1;1;1;300534063313500;351;1962.9;1;276.448;1;34.607;1;11759;3;41;50;;;;;;;;;;;;;;;;;;;;;;;;;;;;;;;;;;;;;;;;;;;;;;;;;;;;;;;;;;;;;;;;;;;;;;;;;;;;;;;;;;;;;;;;;;;;;;;;;;;;;;;;;;;;;;;;;;;;;;;;;;;;;;;;;;;;;;;;;;;;;;;;;;;;;;;;;;;;;;;;;;;;;;;;;;;;;;;;;;;;;;;;;;;;;;;;;;;;;;;;;;;;;;;;;;FIBNDA2406010;;;
2026-06-05T23:13:23Z;wigos_id:0-22000-0-6990605;ARVORI;131.59325;-4.945083333333333;ascent;1;1;1;300534063313500;351;1937.8;1;276.46299999999997;1;34.607;1;11759;3;41;50;;;;;;;;;;;;;;;;;;;;;;;;;;;;;;;;;;;;;;;;;;;;;;;;;;;;;;;;;;;;;;;;;;;;;;;;;;;;;;;;;;;;;;;;;;;;;;;;;;;;;;;;;;;;;;;;;;;;;;;;;;;;;;;;;;;;;;;;;;;;;;;;;;;;;;;;;;;;;;;;;;;;;;;;;;;;;;;;;;;;;;;;;;;;;;;;;;;;;;;;;;;;;;;;;;FIBNDA2406010;;;
2026-06-05T23:17:58Z;wigos_id:0-22000-0-6990605;ARVORI;131.59325;-4.945083333333333;ascent;1;1;1;300534063313500;351;1912.8;1;276.474;1;34.607;1;11759;3;41;50;;;;;;;;;;;;;;;;;;;;;;;;;;;;;;;;;;;;;;;;;;;;;;;;;;;;;;;;;;;;;;;;;;;;;;;;;;;;;;;;;;;;;;;;;;;;;;;;;;;;;;;;;;;;;;;;;;;;;;;;;;;;;;;;;;;;;;;;;;;;;;;;;;;;;;;;;;;;;;;;;;;;;;;;;;;;;;;;;;;;;;;;;;;;;;;;;;;;;;;;;;;;;;;;;;FIBNDA2406010;;;
2026-06-05T23:22:30Z;wigos_id:0-22000-0-6990605;ARVORI;131.59325;-4.945083333333333;ascent;1;1;1;300534063313500;351;1888.1;1;276.48499999999996;1;34.607;1;11759;3;41;50;;;;;;;;;;;;;;;;;;;;;;;;;;;;;;;;;;;;;;;;;;;;;;;;;;;;;;;;;;;;;;;;;;;;;;;;;;;;;;;;;;;;;;;;;;;;;;;;;;;;;;;;;;;;;;;;;;;;;;;;;;;;;;;;;;;;;;;;;;;;;;;;;;;;;;;;;;;;;;;;;;;;;;;;;;;;;;;;;;;;;;;;;;;;;;;;;;;;;;;;;;;;;;;;;;FIBNDA2406010;;;
2026-06-05T23:27:11Z;wigos_id:0-22000-0-6990605;ARVORI;131.59325;-4.945083333333333;ascent;1;1;1;300534063313500;351;1862.6;1;276.50199999999995;1;34.607;1;11759;3;41;50;;;;;;;;;;;;;;;;;;;;;;;;;;;;;;;;;;;;;;;;;;;;;;;;;;;;;;;;;;;;;;;;;;;;;;;;;;;;;;;;;;;;;;;;;;;;;;;;;;;;;;;;;;;;;;;;;;;;;;;;;;;;;;;;;;;;;;;;;;;;;;;;;;;;;;;;;;;;;;;;;;;;;;;;;;;;;;;;;;;;;;;;;;;;;;;;;;;;;;;;;;;;;;;;;;FIBNDA2406010;;;
2026-06-05T23:31:44Z;wigos_id:0-22000-0-6990605;ARVORI;131.59325;-4.945083333333333;ascent;1;1;1;300534063313500;351;1837.8;1;276.513;1;34.607;1;11759;3;41;50;;;;;;;;;;;;;;;;;;;;;;;;;;;;;;;;;;;;;;;;;;;;;;;;;;;;;;;;;;;;;;;;;;;;;;;;;;;;;;;;;;;;;;;;;;;;;;;;;;;;;;;;;;;;;;;;;;;;;;;;;;;;;;;;;;;;;;;;;;;;;;;;;;;;;;;;;;;;;;;;;;;;;;;;;;;;;;;;;;;;;;;;;;;;;;;;;;;;;;;;;;;;;;;;;;FIBNDA2406010;;;
2026-06-05T23:36:19Z;wigos_id:0-22000-0-6990605;ARVORI;131.59325;-4.945083333333333;ascent;1;1;1;300534063313500;351;1812.9;1;276.53799999999995;1;34.606;1;11759;3;41;50;;;;;;;;;;;;;;;;;;;;;;;;;;;;;;;;;;;;;;;;;;;;;;;;;;;;;;;;;;;;;;;;;;;;;;;;;;;;;;;;;;;;;;;;;;;;;;;;;;;;;;;;;;;;;;;;;;;;;;;;;;;;;;;;;;;;;;;;;;;;;;;;;;;;;;;;;;;;;;;;;;;;;;;;;;;;;;;;;;;;;;;;;;;;;;;;;;;;;;;;;;;;;;;;;;FIBNDA2406010;;;
2026-06-05T23:40:54Z;wigos_id:0-22000-0-6990605;ARVORI;131.59325;-4.945083333333333;ascent;1;1;1;300534063313500;351;1787.9;1;276.553;1;34.606;1;11759;3;41;50;;;;;;;;;;;;;;;;;;;;;;;;;;;;;;;;;;;;;;;;;;;;;;;;;;;;;;;;;;;;;;;;;;;;;;;;;;;;;;;;;;;;;;;;;;;;;;;;;;;;;;;;;;;;;;;;;;;;;;;;;;;;;;;;;;;;;;;;;;;;;;;;;;;;;;;;;;;;;;;;;;;;;;;;;;;;;;;;;;;;;;;;;;;;;;;;;;;;;;;;;;;;;;;;;;FIBNDA2406010;;;
2026-06-05T23:45:26Z;wigos_id:0-22000-0-6990605;ARVORI;131.59325;-4.945083333333333;ascent;1;1;1;300534063313500;351;1763.2;1;276.56199999999995;1;34.606;1;11759;3;41;50;;;;;;;;;;;;;;;;;;;;;;;;;;;;;;;;;;;;;;;;;;;;;;;;;;;;;;;;;;;;;;;;;;;;;;;;;;;;;;;;;;;;;;;;;;;;;;;;;;;;;;;;;;;;;;;;;;;;;;;;;;;;;;;;;;;;;;;;;;;;;;;;;;;;;;;;;;;;;;;;;;;;;;;;;;;;;;;;;;;;;;;;;;;;;;;;;;;;;;;;;;;;;;;;;;FIBNDA2406010;;;
2026-06-05T23:50:03Z;wigos_id:0-22000-0-6990605;ARVORI;131.59325;-4.945083333333333;ascent;1;1;1;300534063313500;351;1738.0;1;276.57099999999997;1;34.606;1;11759;3;41;50;;;;;;;;;;;;;;;;;;;;;;;;;;;;;;;;;;;;;;;;;;;;;;;;;;;;;;;;;;;;;;;;;;;;;;;;;;;;;;;;;;;;;;;;;;;;;;;;;;;;;;;;;;;;;;;;;;;;;;;;;;;;;;;;;;;;;;;;;;;;;;;;;;;;;;;;;;;;;;;;;;;;;;;;;;;;;;;;;;;;;;;;;;;;;;;;;;;;;;;;;;;;;;;;;;FIBNDA2406010;;;
2026-06-05T23:54:39Z;wigos_id:0-22000-0-6990605;ARVORI;131.59325;-4.945083333333333;ascent;1;1;1;300534063313500;351;1713.0;1;276.57899999999995;1;34.606;1;11759;3;41;50;;;;;;;;;;;;;;;;;;;;;;;;;;;;;;;;;;;;;;;;;;;;;;;;;;;;;;;;;;;;;;;;;;;;;;;;;;;;;;;;;;;;;;;;;;;;;;;;;;;;;;;;;;;;;;;;;;;;;;;;;;;;;;;;;;;;;;;;;;;;;;;;;;;;;;;;;;;;;;;;;;;;;;;;;;;;;;;;;;;;;;;;;;;;;;;;;;;;;;;;;;;;;;;;;;FIBNDA2406010;;;
2026-06-05T23:59:16Z;wigos_id:0-22000-0-6990605;ARVORI;131.59325;-4.945083333333333;ascent;1;1;1;300534063313500;351;1687.8;1;276.59799999999996;1;34.606;1;11759;3;41;50;;;;;;;;;;;;;;;;;;;;;;;;;;;;;;;;;;;;;;;;;;;;;;;;;;;;;;;;;;;;;;;;;;;;;;;;;;;;;;;;;;;;;;;;;;;;;;;;;;;;;;;;;;;;;;;;;;;;;;;;;;;;;;;;;;;;;;;;;;;;;;;;;;;;;;;;;;;;;;;;;;;;;;;;;;;;;;;;;;;;;;;;;;;;;;;;;;;;;;;;;;;;;;;;;;FIBNDA2406010;;;
2026-06-06T00:03:54Z;wigos_id:0-22000-0-6990605;ARVORI;131.59325;-4.945083333333333;ascent;1;1;1;300534063313500;351;1662.6;1;276.608;1;34.606;1;11759;3;41;50;;;;;;;;;;;;;;;;;;;;;;;;;;;;;;;;;;;;;;;;;;;;;;;;;;;;;;;;;;;;;;;;;;;;;;;;;;;;;;;;;;;;;;;;;;;;;;;;;;;;;;;;;;;;;;;;;;;;;;;;;;;;;;;;;;;;;;;;;;;;;;;;;;;;;;;;;;;;;;;;;;;;;;;;;;;;;;;;;;;;;;;;;;;;;;;;;;;;;;;;;;;;;;;;;;FIBNDA2406010;;;
2026-06-06T00:08:18Z;wigos_id:0-22000-0-6990605;ARVORI;131.59325;-4.945083333333333;ascent;1;1;1;300534063313500;351;1638.6;1;276.625;1;34.606;1;11759;3;41;50;;;;;;;;;;;;;;;;;;;;;;;;;;;;;;;;;;;;;;;;;;;;;;;;;;;;;;;;;;;;;;;;;;;;;;;;;;;;;;;;;;;;;;;;;;;;;;;;;;;;;;;;;;;;;;;;;;;;;;;;;;;;;;;;;;;;;;;;;;;;;;;;;;;;;;;;;;;;;;;;;;;;;;;;;;;;;;;;;;;;;;;;;;;;;;;;;;;;;;;;;;;;;;;;;;FIBNDA2406010;;;
2026-06-06T00:13:02Z;wigos_id:0-22000-0-6990605;ARVORI;131.59325;-4.945083333333333;ascent;1;1;1;300534063313500;351;1612.8;1;276.657;1;34.605;1;11760;12;55;50;;;;;;;;;;;;;;;;;;;;;;;;;;;;;;;;;;;;;;;;;;;;;;;;;;;;;;;;;;;;;;;;;;;;;;;;;;;;;;;;;;;;;;;;;;;;;;;;;;;;;;;;;;;;;;;;;;;;;;;;;;;;;;;;;;;;;;;;;;;;;;;;;;;;;;;;;;;;;;;;;;;;;;;;;;;;;;;;;;;;;;;;;;;;;;;;;;;;;;;;;;;;;;;;;;FIBNDA2406010;;;
2026-06-06T00:17:38Z;wigos_id:0-22000-0-6990605;ARVORI;131.59325;-4.945083333333333;ascent;1;1;1;300534063313500;351;1587.8;1;276.68899999999996;1;34.605;1;11760;12;55;50;;;;;;;;;;;;;;;;;;;;;;;;;;;;;;;;;;;;;;;;;;;;;;;;;;;;;;;;;;;;;;;;;;;;;;;;;;;;;;;;;;;;;;;;;;;;;;;;;;;;;;;;;;;;;;;;;;;;;;;;;;;;;;;;;;;;;;;;;;;;;;;;;;;;;;;;;;;;;;;;;;;;;;;;;;;;;;;;;;;;;;;;;;;;;;;;;;;;;;;;;;;;;;;;;;FIBNDA2406010;;;
2026-06-06T00:22:14Z;wigos_id:0-22000-0-6990605;ARVORI;131.59325;-4.945083333333333;ascent;1;1;1;300534063313500;351;1562.7;1;276.731;1;34.604;1;11760;12;55;50;;;;;;;;;;;;;;;;;;;;;;;;;;;;;;;;;;;;;;;;;;;;;;;;;;;;;;;;;;;;;;;;;;;;;;;;;;;;;;;;;;;;;;;;;;;;;;;;;;;;;;;;;;;;;;;;;;;;;;;;;;;;;;;;;;;;;;;;;;;;;;;;;;;;;;;;;;;;;;;;;;;;;;;;;;;;;;;;;;;;;;;;;;;;;;;;;;;;;;;;;;;;;;;;;;FIBNDA2406010;;;
2026-06-06T00:26:45Z;wigos_id:0-22000-0-6990605;ARVORI;131.59325;-4.945083333333333;ascent;1;1;1;300534063313500;351;1538.1;1;276.78799999999995;1;34.604;1;11760;12;55;50;;;;;;;;;;;;;;;;;;;;;;;;;;;;;;;;;;;;;;;;;;;;;;;;;;;;;;;;;;;;;;;;;;;;;;;;;;;;;;;;;;;;;;;;;;;;;;;;;;;;;;;;;;;;;;;;;;;;;;;;;;;;;;;;;;;;;;;;;;;;;;;;;;;;;;;;;;;;;;;;;;;;;;;;;;;;;;;;;;;;;;;;;;;;;;;;;;;;;;;;;;;;;;;;;;FIBNDA2406010;;;
2026-06-06T00:31:25Z;wigos_id:0-22000-0-6990605;ARVORI;131.59325;-4.945083333333333;ascent;1;1;1;300534063313500;351;1512.7;1;276.815;1;34.604;1;11760;12;55;50;;;;;;;;;;;;;;;;;;;;;;;;;;;;;;;;;;;;;;;;;;;;;;;;;;;;;;;;;;;;;;;;;;;;;;;;;;;;;;;;;;;;;;;;;;;;;;;;;;;;;;;;;;;;;;;;;;;;;;;;;;;;;;;;;;;;;;;;;;;;;;;;;;;;;;;;;;;;;;;;;;;;;;;;;;;;;;;;;;;;;;;;;;;;;;;;;;;;;;;;;;;;;;;;;;FIBNDA2406010;;;
2026-06-06T00:36:01Z;wigos_id:0-22000-0-6990605;ARVORI;131.59325;-4.945083333333333;ascent;1;1;1;300534063313500;351;1487.6;1;276.84099999999995;1;34.603;1;11760;12;55;50;;;;;;;;;;;;;;;;;;;;;;;;;;;;;;;;;;;;;;;;;;;;;;;;;;;;;;;;;;;;;;;;;;;;;;;;;;;;;;;;;;;;;;;;;;;;;;;;;;;;;;;;;;;;;;;;;;;;;;;;;;;;;;;;;;;;;;;;;;;;;;;;;;;;;;;;;;;;;;;;;;;;;;;;;;;;;;;;;;;;;;;;;;;;;;;;;;;;;;;;;;;;;;;;;;FIBNDA2406010;;;
2026-06-06T00:40:36Z;wigos_id:0-22000-0-6990605;ARVORI;131.59325;-4.945083333333333;ascent;1;1;1;300534063313500;351;1462.6;1;276.88399999999996;1;34.603;1;11760;12;55;50;;;;;;;;;;;;;;;;;;;;;;;;;;;;;;;;;;;;;;;;;;;;;;;;;;;;;;;;;;;;;;;;;;;;;;;;;;;;;;;;;;;;;;;;;;;;;;;;;;;;;;;;;;;;;;;;;;;;;;;;;;;;;;;;;;;;;;;;;;;;;;;;;;;;;;;;;;;;;;;;;;;;;;;;;;;;;;;;;;;;;;;;;;;;;;;;;;;;;;;;;;;;;;;;;;FIBNDA2406010;;;
2026-06-06T00:45:07Z;wigos_id:0-22000-0-6990605;ARVORI;131.59325;-4.945083333333333;ascent;1;1;1;300534063313500;351;1438.0;1;276.935;1;34.602;1;11760;12;55;50;;;;;;;;;;;;;;;;;;;;;;;;;;;;;;;;;;;;;;;;;;;;;;;;;;;;;;;;;;;;;;;;;;;;;;;;;;;;;;;;;;;;;;;;;;;;;;;;;;;;;;;;;;;;;;;;;;;;;;;;;;;;;;;;;;;;;;;;;;;;;;;;;;;;;;;;;;;;;;;;;;;;;;;;;;;;;;;;;;;;;;;;;;;;;;;;;;;;;;;;;;;;;;;;;;FIBNDA2406010;;;
2026-06-06T00:49:40Z;wigos_id:0-22000-0-6990605;ARVORI;131.59325;-4.945083333333333;ascent;1;1;1;300534063313500;351;1413.2;1;276.98499999999996;1;34.602;1;11760;12;55;50;;;;;;;;;;;;;;;;;;;;;;;;;;;;;;;;;;;;;;;;;;;;;;;;;;;;;;;;;;;;;;;;;;;;;;;;;;;;;;;;;;;;;;;;;;;;;;;;;;;;;;;;;;;;;;;;;;;;;;;;;;;;;;;;;;;;;;;;;;;;;;;;;;;;;;;;;;;;;;;;;;;;;;;;;;;;;;;;;;;;;;;;;;;;;;;;;;;;;;;;;;;;;;;;;;FIBNDA2406010;;;
2026-06-06T00:54:19Z;wigos_id:0-22000-0-6990605;ARVORI;131.59325;-4.945083333333333;ascent;1;1;1;300534063313500;351;1387.9;1;277.022;1;34.601;1;11760;12;55;50;;;;;;;;;;;;;;;;;;;;;;;;;;;;;;;;;;;;;;;;;;;;;;;;;;;;;;;;;;;;;;;;;;;;;;;;;;;;;;;;;;;;;;;;;;;;;;;;;;;;;;;;;;;;;;;;;;;;;;;;;;;;;;;;;;;;;;;;;;;;;;;;;;;;;;;;;;;;;;;;;;;;;;;;;;;;;;;;;;;;;;;;;;;;;;;;;;;;;;;;;;;;;;;;;;FIBNDA2406010;;;
2026-06-06T00:58:54Z;wigos_id:0-22000-0-6990605;ARVORI;131.59325;-4.945083333333333;ascent;1;1;1;300534063313500;351;1362.9;1;277.05899999999997;1;34.601;1;11760;12;55;50;;;;;;;;;;;;;;;;;;;;;;;;;;;;;;;;;;;;;;;;;;;;;;;;;;;;;;;;;;;;;;;;;;;;;;;;;;;;;;;;;;;;;;;;;;;;;;;;;;;;;;;;;;;;;;;;;;;;;;;;;;;;;;;;;;;;;;;;;;;;;;;;;;;;;;;;;;;;;;;;;;;;;;;;;;;;;;;;;;;;;;;;;;;;;;;;;;;;;;;;;;;;;;;;;;FIBNDA2406010;;;
2026-06-06T01:03:26Z;wigos_id:0-22000-0-6990605;ARVORI;131.59325;-4.945083333333333;ascent;1;1;1;300534063313500;351;1338.2;1;277.089;1;34.601;1;11760;12;55;50;;;;;;;;;;;;;;;;;;;;;;;;;;;;;;;;;;;;;;;;;;;;;;;;;;;;;;;;;;;;;;;;;;;;;;;;;;;;;;;;;;;;;;;;;;;;;;;;;;;;;;;;;;;;;;;;;;;;;;;;;;;;;;;;;;;;;;;;;;;;;;;;;;;;;;;;;;;;;;;;;;;;;;;;;;;;;;;;;;;;;;;;;;;;;;;;;;;;;;;;;;;;;;;;;;FIBNDA2406010;;;
2026-06-06T01:08:05Z;wigos_id:0-22000-0-6990605;ARVORI;131.59325;-4.945083333333333;ascent;1;1;1;300534063313500;351;1312.9;1;277.106;1;34.6;1;11760;12;55;50;;;;;;;;;;;;;;;;;;;;;;;;;;;;;;;;;;;;;;;;;;;;;;;;;;;;;;;;;;;;;;;;;;;;;;;;;;;;;;;;;;;;;;;;;;;;;;;;;;;;;;;;;;;;;;;;;;;;;;;;;;;;;;;;;;;;;;;;;;;;;;;;;;;;;;;;;;;;;;;;;;;;;;;;;;;;;;;;;;;;;;;;;;;;;;;;;;;;;;;;;;;;;;;;;;FIBNDA2406010;;;
2026-06-06T01:12:46Z;wigos_id:0-22000-0-6990605;ARVORI;131.59325;-4.945083333333333;ascent;1;1;1;300534063313500;351;1287.4;1;277.15;1;34.6;1;11760;12;55;50;;;;;;;;;;;;;;;;;;;;;;;;;;;;;;;;;;;;;;;;;;;;;;;;;;;;;;;;;;;;;;;;;;;;;;;;;;;;;;;;;;;;;;;;;;;;;;;;;;;;;;;;;;;;;;;;;;;;;;;;;;;;;;;;;;;;;;;;;;;;;;;;;;;;;;;;;;;;;;;;;;;;;;;;;;;;;;;;;;;;;;;;;;;;;;;;;;;;;;;;;;;;;;;;;;FIBNDA2406010;;;
2026-06-06T01:17:19Z;wigos_id:0-22000-0-6990605;ARVORI;131.59325;-4.945083333333333;ascent;1;1;1;300534063313500;351;1262.6;1;277.203;1;34.599;1;11760;12;55;50;;;;;;;;;;;;;;;;;;;;;;;;;;;;;;;;;;;;;;;;;;;;;;;;;;;;;;;;;;;;;;;;;;;;;;;;;;;;;;;;;;;;;;;;;;;;;;;;;;;;;;;;;;;;;;;;;;;;;;;;;;;;;;;;;;;;;;;;;;;;;;;;;;;;;;;;;;;;;;;;;;;;;;;;;;;;;;;;;;;;;;;;;;;;;;;;;;;;;;;;;;;;;;;;;;FIBNDA2406010;;;
2026-06-06T01:21:53Z;wigos_id:0-22000-0-6990605;ARVORI;131.59325;-4.945083333333333;ascent;1;1;1;300534063313500;351;1237.7;1;277.267;1;34.599;1;11761;17;57;50;;;;;;;;;;;;;;;;;;;;;;;;;;;;;;;;;;;;;;;;;;;;;;;;;;;;;;;;;;;;;;;;;;;;;;;;;;;;;;;;;;;;;;;;;;;;;;;;;;;;;;;;;;;;;;;;;;;;;;;;;;;;;;;;;;;;;;;;;;;;;;;;;;;;;;;;;;;;;;;;;;;;;;;;;;;;;;;;;;;;;;;;;;;;;;;;;;;;;;;;;;;;;;;;;;FIBNDA2406010;;;
2026-06-06T01:26:29Z;wigos_id:0-22000-0-6990605;ARVORI;131.59325;-4.945083333333333;ascent;1;1;1;300534063313500;351;1212.7;1;277.356;1;34.598;1;11761;17;57;50;;;;;;;;;;;;;;;;;;;;;;;;;;;;;;;;;;;;;;;;;;;;;;;;;;;;;;;;;;;;;;;;;;;;;;;;;;;;;;;;;;;;;;;;;;;;;;;;;;;;;;;;;;;;;;;;;;;;;;;;;;;;;;;;;;;;;;;;;;;;;;;;;;;;;;;;;;;;;;;;;;;;;;;;;;;;;;;;;;;;;;;;;;;;;;;;;;;;;;;;;;;;;;;;;;FIBNDA2406010;;;
2026-06-06T01:31:05Z;wigos_id:0-22000-0-6990605;ARVORI;131.59325;-4.945083333333333;ascent;1;1;1;300534063313500;351;1187.6;1;277.421;1;34.597;1;11761;17;57;50;;;;;;;;;;;;;;;;;;;;;;;;;;;;;;;;;;;;;;;;;;;;;;;;;;;;;;;;;;;;;;;;;;;;;;;;;;;;;;;;;;;;;;;;;;;;;;;;;;;;;;;;;;;;;;;;;;;;;;;;;;;;;;;;;;;;;;;;;;;;;;;;;;;;;;;;;;;;;;;;;;;;;;;;;;;;;;;;;;;;;;;;;;;;;;;;;;;;;;;;;;;;;;;;;;FIBNDA2406010;;;
2026-06-06T01:35:40Z;wigos_id:0-22000-0-6990605;ARVORI;131.59325;-4.945083333333333;ascent;1;1;1;300534063313500;351;1162.6;1;277.50199999999995;1;34.597;1;11761;17;57;50;;;;;;;;;;;;;;;;;;;;;;;;;;;;;;;;;;;;;;;;;;;;;;;;;;;;;;;;;;;;;;;;;;;;;;;;;;;;;;;;;;;;;;;;;;;;;;;;;;;;;;;;;;;;;;;;;;;;;;;;;;;;;;;;;;;;;;;;;;;;;;;;;;;;;;;;;;;;;;;;;;;;;;;;;;;;;;;;;;;;;;;;;;;;;;;;;;;;;;;;;;;;;;;;;;FIBNDA2406010;;;
2026-06-06T01:40:13Z;wigos_id:0-22000-0-6990605;ARVORI;131.59325;-4.945083333333333;ascent;1;1;1;300534063313500;351;1137.8;1;277.572;1;34.596;1;11761;17;57;50;;;;;;;;;;;;;;;;;;;;;;;;;;;;;;;;;;;;;;;;;;;;;;;;;;;;;;;;;;;;;;;;;;;;;;;;;;;;;;;;;;;;;;;;;;;;;;;;;;;;;;;;;;;;;;;;;;;;;;;;;;;;;;;;;;;;;;;;;;;;;;;;;;;;;;;;;;;;;;;;;;;;;;;;;;;;;;;;;;;;;;;;;;;;;;;;;;;;;;;;;;;;;;;;;;FIBNDA2406010;;;
2026-06-06T01:44:46Z;wigos_id:0-22000-0-6990605;ARVORI;131.59325;-4.945083333333333;ascent;1;1;1;300534063313500;351;1113.0;1;277.66799999999995;1;34.595;1;11761;17;57;50;;;;;;;;;;;;;;;;;;;;;;;;;;;;;;;;;;;;;;;;;;;;;;;;;;;;;;;;;;;;;;;;;;;;;;;;;;;;;;;;;;;;;;;;;;;;;;;;;;;;;;;;;;;;;;;;;;;;;;;;;;;;;;;;;;;;;;;;;;;;;;;;;;;;;;;;;;;;;;;;;;;;;;;;;;;;;;;;;;;;;;;;;;;;;;;;;;;;;;;;;;;;;;;;;;FIBNDA2406010;;;
2026-06-06T01:49:23Z;wigos_id:0-22000-0-6990605;ARVORI;131.59325;-4.945083333333333;ascent;1;1;1;300534063313500;351;1087.9;1;277.73199999999997;1;34.595;1;11761;17;57;50;;;;;;;;;;;;;;;;;;;;;;;;;;;;;;;;;;;;;;;;;;;;;;;;;;;;;;;;;;;;;;;;;;;;;;;;;;;;;;;;;;;;;;;;;;;;;;;;;;;;;;;;;;;;;;;;;;;;;;;;;;;;;;;;;;;;;;;;;;;;;;;;;;;;;;;;;;;;;;;;;;;;;;;;;;;;;;;;;;;;;;;;;;;;;;;;;;;;;;;;;;;;;;;;;;FIBNDA2406010;;;
2026-06-06T01:54:00Z;wigos_id:0-22000-0-6990605;ARVORI;131.59325;-4.945083333333333;ascent;1;1;1;300534063313500;351;1062.7;1;277.799;1;34.594;1;11761;17;57;50;;;;;;;;;;;;;;;;;;;;;;;;;;;;;;;;;;;;;;;;;;;;;;;;;;;;;;;;;;;;;;;;;;;;;;;;;;;;;;;;;;;;;;;;;;;;;;;;;;;;;;;;;;;;;;;;;;;;;;;;;;;;;;;;;;;;;;;;;;;;;;;;;;;;;;;;;;;;;;;;;;;;;;;;;;;;;;;;;;;;;;;;;;;;;;;;;;;;;;;;;;;;;;;;;;FIBNDA2406010;;;
2026-06-06T01:58:36Z;wigos_id:0-22000-0-6990605;ARVORI;131.59325;-4.945083333333333;ascent;1;1;1;300534063313500;351;1037.7;1;277.929;1;34.593;1;11761;17;57;50;;;;;;;;;;;;;;;;;;;;;;;;;;;;;;;;;;;;;;;;;;;;;;;;;;;;;;;;;;;;;;;;;;;;;;;;;;;;;;;;;;;;;;;;;;;;;;;;;;;;;;;;;;;;;;;;;;;;;;;;;;;;;;;;;;;;;;;;;;;;;;;;;;;;;;;;;;;;;;;;;;;;;;;;;;;;;;;;;;;;;;;;;;;;;;;;;;;;;;;;;;;;;;;;;;FIBNDA2406010;;;
2026-06-06T02:03:12Z;wigos_id:0-22000-0-6990605;ARVORI;131.59325;-4.945083333333333;ascent;1;1;1;300534063313500;351;1012.6;1;278.058;1;34.592;1;11761;17;57;50;;;;;;;;;;;;;;;;;;;;;;;;;;;;;;;;;;;;;;;;;;;;;;;;;;;;;;;;;;;;;;;;;;;;;;;;;;;;;;;;;;;;;;;;;;;;;;;;;;;;;;;;;;;;;;;;;;;;;;;;;;;;;;;;;;;;;;;;;;;;;;;;;;;;;;;;;;;;;;;;;;;;;;;;;;;;;;;;;;;;;;;;;;;;;;;;;;;;;;;;;;;;;;;;;;FIBNDA2406010;;;
2026-06-06T02:07:43Z;wigos_id:0-22000-0-6990605;ARVORI;131.59325;-4.945083333333333;ascent;1;1;1;300534063313500;351;988.0;1;278.12699999999995;1;34.591;1;11761;17;57;50;;;;;;;;;;;;;;;;;;;;;;;;;;;;;;;;;;;;;;;;;;;;;;;;;;;;;;;;;;;;;;;;;;;;;;;;;;;;;;;;;;;;;;;;;;;;;;;;;;;;;;;;;;;;;;;;;;;;;;;;;;;;;;;;;;;;;;;;;;;;;;;;;;;;;;;;;;;;;;;;;;;;;;;;;;;;;;;;;;;;;;;;;;;;;;;;;;;;;;;;;;;;;;;;;;FIBNDA2406010;;;
2026-06-06T02:12:15Z;wigos_id:0-22000-0-6990605;ARVORI;131.59325;-4.945083333333333;ascent;1;1;1;300534063313500;351;963.3;1;278.178;1;34.591;1;11761;17;57;50;;;;;;;;;;;;;;;;;;;;;;;;;;;;;;;;;;;;;;;;;;;;;;;;;;;;;;;;;;;;;;;;;;;;;;;;;;;;;;;;;;;;;;;;;;;;;;;;;;;;;;;;;;;;;;;;;;;;;;;;;;;;;;;;;;;;;;;;;;;;;;;;;;;;;;;;;;;;;;;;;;;;;;;;;;;;;;;;;;;;;;;;;;;;;;;;;;;;;;;;;;;;;;;;;;FIBNDA2406010;;;
2026-06-06T02:16:52Z;wigos_id:0-22000-0-6990605;ARVORI;131.59325;-4.945083333333333;ascent;1;1;1;300534063313500;351;938.2;1;278.26099999999997;1;34.589;1;11761;17;57;50;;;;;;;;;;;;;;;;;;;;;;;;;;;;;;;;;;;;;;;;;;;;;;;;;;;;;;;;;;;;;;;;;;;;;;;;;;;;;;;;;;;;;;;;;;;;;;;;;;;;;;;;;;;;;;;;;;;;;;;;;;;;;;;;;;;;;;;;;;;;;;;;;;;;;;;;;;;;;;;;;;;;;;;;;;;;;;;;;;;;;;;;;;;;;;;;;;;;;;;;;;;;;;;;;;FIBNDA2406010;;;
2026-06-06T02:21:29Z;wigos_id:0-22000-0-6990605;ARVORI;131.59325;-4.945083333333333;ascent;1;1;1;300534063313500;351;913.0;1;278.34299999999996;1;34.589;1;11761;17;57;50;;;;;;;;;;;;;;;;;;;;;;;;;;;;;;;;;;;;;;;;;;;;;;;;;;;;;;;;;;;;;;;;;;;;;;;;;;;;;;;;;;;;;;;;;;;;;;;;;;;;;;;;;;;;;;;;;;;;;;;;;;;;;;;;;;;;;;;;;;;;;;;;;;;;;;;;;;;;;;;;;;;;;;;;;;;;;;;;;;;;;;;;;;;;;;;;;;;;;;;;;;;;;;;;;;FIBNDA2406010;;;
2026-06-06T02:26:09Z;wigos_id:0-22000-0-6990605;ARVORI;131.59325;-4.945083333333333;ascent;1;1;1;300534063313500;351;887.6;1;278.42499999999995;1;34.588;1;11761;17;57;50;;;;;;;;;;;;;;;;;;;;;;;;;;;;;;;;;;;;;;;;;;;;;;;;;;;;;;;;;;;;;;;;;;;;;;;;;;;;;;;;;;;;;;;;;;;;;;;;;;;;;;;;;;;;;;;;;;;;;;;;;;;;;;;;;;;;;;;;;;;;;;;;;;;;;;;;;;;;;;;;;;;;;;;;;;;;;;;;;;;;;;;;;;;;;;;;;;;;;;;;;;;;;;;;;;FIBNDA2406010;;;
2026-06-06T02:30:41Z;wigos_id:0-22000-0-6990605;ARVORI;131.59325;-4.945083333333333;ascent;1;1;1;300534063313500;351;862.9;1;278.542;1;34.588;1;11762;24;39;50;;;;;;;;;;;;;;;;;;;;;;;;;;;;;;;;;;;;;;;;;;;;;;;;;;;;;;;;;;;;;;;;;;;;;;;;;;;;;;;;;;;;;;;;;;;;;;;;;;;;;;;;;;;;;;;;;;;;;;;;;;;;;;;;;;;;;;;;;;;;;;;;;;;;;;;;;;;;;;;;;;;;;;;;;;;;;;;;;;;;;;;;;;;;;;;;;;;;;;;;;;;;;;;;;;FIBNDA2406010;;;
2026-06-06T02:35:16Z;wigos_id:0-22000-0-6990605;ARVORI;131.59325;-4.945083333333333;ascent;1;1;1;300534063313500;351;837.9;1;278.635;1;34.587;1;11762;24;39;50;;;;;;;;;;;;;;;;;;;;;;;;;;;;;;;;;;;;;;;;;;;;;;;;;;;;;;;;;;;;;;;;;;;;;;;;;;;;;;;;;;;;;;;;;;;;;;;;;;;;;;;;;;;;;;;;;;;;;;;;;;;;;;;;;;;;;;;;;;;;;;;;;;;;;;;;;;;;;;;;;;;;;;;;;;;;;;;;;;;;;;;;;;;;;;;;;;;;;;;;;;;;;;;;;;FIBNDA2406010;;;
2026-06-06T02:39:40Z;wigos_id:0-22000-0-6990605;ARVORI;131.59325;-4.945083333333333;ascent;1;1;1;300534063313500;351;813.9;1;278.719;1;34.586;1;11762;24;39;50;;;;;;;;;;;;;;;;;;;;;;;;;;;;;;;;;;;;;;;;;;;;;;;;;;;;;;;;;;;;;;;;;;;;;;;;;;;;;;;;;;;;;;;;;;;;;;;;;;;;;;;;;;;;;;;;;;;;;;;;;;;;;;;;;;;;;;;;;;;;;;;;;;;;;;;;;;;;;;;;;;;;;;;;;;;;;;;;;;;;;;;;;;;;;;;;;;;;;;;;;;;;;;;;;;FIBNDA2406010;;;
2026-06-06T02:44:25Z;wigos_id:0-22000-0-6990605;ARVORI;131.59325;-4.945083333333333;ascent;1;1;1;300534063313500;351;788.1;1;278.87699999999995;1;34.585;1;11762;24;39;50;;;;;;;;;;;;;;;;;;;;;;;;;;;;;;;;;;;;;;;;;;;;;;;;;;;;;;;;;;;;;;;;;;;;;;;;;;;;;;;;;;;;;;;;;;;;;;;;;;;;;;;;;;;;;;;;;;;;;;;;;;;;;;;;;;;;;;;;;;;;;;;;;;;;;;;;;;;;;;;;;;;;;;;;;;;;;;;;;;;;;;;;;;;;;;;;;;;;;;;;;;;;;;;;;;FIBNDA2406010;;;
2026-06-06T02:48:57Z;wigos_id:0-22000-0-6990605;ARVORI;131.59325;-4.945083333333333;ascent;1;1;1;300534063313500;351;763.4;1;279.15599999999995;1;34.582;1;11762;24;39;50;;;;;;;;;;;;;;;;;;;;;;;;;;;;;;;;;;;;;;;;;;;;;;;;;;;;;;;;;;;;;;;;;;;;;;;;;;;;;;;;;;;;;;;;;;;;;;;;;;;;;;;;;;;;;;;;;;;;;;;;;;;;;;;;;;;;;;;;;;;;;;;;;;;;;;;;;;;;;;;;;;;;;;;;;;;;;;;;;;;;;;;;;;;;;;;;;;;;;;;;;;;;;;;;;;FIBNDA2406010;;;
2026-06-06T02:53:36Z;wigos_id:0-22000-0-6990605;ARVORI;131.59325;-4.945083333333333;ascent;1;1;1;300534063313500;351;738.0;1;279.263;1;34.582;1;11762;24;39;50;;;;;;;;;;;;;;;;;;;;;;;;;;;;;;;;;;;;;;;;;;;;;;;;;;;;;;;;;;;;;;;;;;;;;;;;;;;;;;;;;;;;;;;;;;;;;;;;;;;;;;;;;;;;;;;;;;;;;;;;;;;;;;;;;;;;;;;;;;;;;;;;;;;;;;;;;;;;;;;;;;;;;;;;;;;;;;;;;;;;;;;;;;;;;;;;;;;;;;;;;;;;;;;;;;FIBNDA2406010;;;
2026-06-06T02:58:15Z;wigos_id:0-22000-0-6990605;ARVORI;131.59325;-4.945083333333333;ascent;1;1;1;300534063313500;351;712.7;1;279.448;1;34.581;1;11762;24;39;50;;;;;;;;;;;;;;;;;;;;;;;;;;;;;;;;;;;;;;;;;;;;;;;;;;;;;;;;;;;;;;;;;;;;;;;;;;;;;;;;;;;;;;;;;;;;;;;;;;;;;;;;;;;;;;;;;;;;;;;;;;;;;;;;;;;;;;;;;;;;;;;;;;;;;;;;;;;;;;;;;;;;;;;;;;;;;;;;;;;;;;;;;;;;;;;;;;;;;;;;;;;;;;;;;;FIBNDA2406010;;;
2026-06-06T03:02:46Z;wigos_id:0-22000-0-6990605;ARVORI;131.59325;-4.945083333333333;ascent;1;1;1;300534063313500;351;688.1;1;279.56699999999995;1;34.581;1;11762;24;39;50;;;;;;;;;;;;;;;;;;;;;;;;;;;;;;;;;;;;;;;;;;;;;;;;;;;;;;;;;;;;;;;;;;;;;;;;;;;;;;;;;;;;;;;;;;;;;;;;;;;;;;;;;;;;;;;;;;;;;;;;;;;;;;;;;;;;;;;;;;;;;;;;;;;;;;;;;;;;;;;;;;;;;;;;;;;;;;;;;;;;;;;;;;;;;;;;;;;;;;;;;;;;;;;;;;FIBNDA2406010;;;
2026-06-06T03:07:22Z;wigos_id:0-22000-0-6990605;ARVORI;131.59325;-4.945083333333333;ascent;1;1;1;300534063313500;351;663.0;1;279.815;1;34.581;1;11762;24;39;50;;;;;;;;;;;;;;;;;;;;;;;;;;;;;;;;;;;;;;;;;;;;;;;;;;;;;;;;;;;;;;;;;;;;;;;;;;;;;;;;;;;;;;;;;;;;;;;;;;;;;;;;;;;;;;;;;;;;;;;;;;;;;;;;;;;;;;;;;;;;;;;;;;;;;;;;;;;;;;;;;;;;;;;;;;;;;;;;;;;;;;;;;;;;;;;;;;;;;;;;;;;;;;;;;;FIBNDA2406010;;;
2026-06-06T03:12:00Z;wigos_id:0-22000-0-6990605;ARVORI;131.59325;-4.945083333333333;ascent;1;1;1;300534063313500;351;637.8;1;280.03999999999996;1;34.577;1;11762;24;39;50;;;;;;;;;;;;;;;;;;;;;;;;;;;;;;;;;;;;;;;;;;;;;;;;;;;;;;;;;;;;;;;;;;;;;;;;;;;;;;;;;;;;;;;;;;;;;;;;;;;;;;;;;;;;;;;;;;;;;;;;;;;;;;;;;;;;;;;;;;;;;;;;;;;;;;;;;;;;;;;;;;;;;;;;;;;;;;;;;;;;;;;;;;;;;;;;;;;;;;;;;;;;;;;;;;FIBNDA2406010;;;
2026-06-06T03:16:24Z;wigos_id:0-22000-0-6990605;ARVORI;131.59325;-4.945083333333333;ascent;1;1;1;300534063313500;351;613.8;1;280.284;1;34.578;1;11762;24;39;50;;;;;;;;;;;;;;;;;;;;;;;;;;;;;;;;;;;;;;;;;;;;;;;;;;;;;;;;;;;;;;;;;;;;;;;;;;;;;;;;;;;;;;;;;;;;;;;;;;;;;;;;;;;;;;;;;;;;;;;;;;;;;;;;;;;;;;;;;;;;;;;;;;;;;;;;;;;;;;;;;;;;;;;;;;;;;;;;;;;;;;;;;;;;;;;;;;;;;;;;;;;;;;;;;;FIBNDA2406010;;;
2026-06-06T03:21:13Z;wigos_id:0-22000-0-6990605;ARVORI;131.59325;-4.945083333333333;ascent;1;1;1;300534063313500;351;587.6;1;280.565;1;34.58;1;11762;24;39;50;;;;;;;;;;;;;;;;;;;;;;;;;;;;;;;;;;;;;;;;;;;;;;;;;;;;;;;;;;;;;;;;;;;;;;;;;;;;;;;;;;;;;;;;;;;;;;;;;;;;;;;;;;;;;;;;;;;;;;;;;;;;;;;;;;;;;;;;;;;;;;;;;;;;;;;;;;;;;;;;;;;;;;;;;;;;;;;;;;;;;;;;;;;;;;;;;;;;;;;;;;;;;;;;;;FIBNDA2406010;;;
2026-06-06T03:25:49Z;wigos_id:0-22000-0-6990605;ARVORI;131.59325;-4.945083333333333;ascent;1;1;1;300534063313500;351;562.5;1;280.892;1;34.581;1;11762;24;39;50;;;;;;;;;;;;;;;;;;;;;;;;;;;;;;;;;;;;;;;;;;;;;;;;;;;;;;;;;;;;;;;;;;;;;;;;;;;;;;;;;;;;;;;;;;;;;;;;;;;;;;;;;;;;;;;;;;;;;;;;;;;;;;;;;;;;;;;;;;;;;;;;;;;;;;;;;;;;;;;;;;;;;;;;;;;;;;;;;;;;;;;;;;;;;;;;;;;;;;;;;;;;;;;;;;FIBNDA2406010;;;
2026-06-06T03:30:23Z;wigos_id:0-22000-0-6990605;ARVORI;131.59325;-4.945083333333333;ascent;1;1;1;300534063313500;351;537.6;1;280.983;1;34.582;1;11762;24;39;50;;;;;;;;;;;;;;;;;;;;;;;;;;;;;;;;;;;;;;;;;;;;;;;;;;;;;;;;;;;;;;;;;;;;;;;;;;;;;;;;;;;;;;;;;;;;;;;;;;;;;;;;;;;;;;;;;;;;;;;;;;;;;;;;;;;;;;;;;;;;;;;;;;;;;;;;;;;;;;;;;;;;;;;;;;;;;;;;;;;;;;;;;;;;;;;;;;;;;;;;;;;;;;;;;;FIBNDA2406010;;;
2026-06-06T03:34:52Z;wigos_id:0-22000-0-6990605;ARVORI;131.59325;-4.945083333333333;ascent;1;1;1;300534063313500;351;513.2;1;281.15;1;34.582;1;11762;24;39;50;;;;;;;;;;;;;;;;;;;;;;;;;;;;;;;;;;;;;;;;;;;;;;;;;;;;;;;;;;;;;;;;;;;;;;;;;;;;;;;;;;;;;;;;;;;;;;;;;;;;;;;;;;;;;;;;;;;;;;;;;;;;;;;;;;;;;;;;;;;;;;;;;;;;;;;;;;;;;;;;;;;;;;;;;;;;;;;;;;;;;;;;;;;;;;;;;;;;;;;;;;;;;;;;;;FIBNDA2406010;;;
2026-06-06T03:39:27Z;wigos_id:0-22000-0-6990605;ARVORI;131.59325;-4.945083333333333;ascent;1;1;1;300534063313500;351;488.2;1;281.221;1;34.582;1;11763;29;23;50;;;;;;;;;;;;;;;;;;;;;;;;;;;;;;;;;;;;;;;;;;;;;;;;;;;;;;;;;;;;;;;;;;;;;;;;;;;;;;;;;;;;;;;;;;;;;;;;;;;;;;;;;;;;;;;;;;;;;;;;;;;;;;;;;;;;;;;;;;;;;;;;;;;;;;;;;;;;;;;;;;;;;;;;;;;;;;;;;;;;;;;;;;;;;;;;;;;;;;;;;;;;;;;;;;FIBNDA2406010;;;
2026-06-06T03:44:06Z;wigos_id:0-22000-0-6990605;ARVORI;131.59325;-4.945083333333333;ascent;1;1;1;300534063313500;351;462.9;1;281.346;1;34.582;1;11763;29;23;50;;;;;;;;;;;;;;;;;;;;;;;;;;;;;;;;;;;;;;;;;;;;;;;;;;;;;;;;;;;;;;;;;;;;;;;;;;;;;;;;;;;;;;;;;;;;;;;;;;;;;;;;;;;;;;;;;;;;;;;;;;;;;;;;;;;;;;;;;;;;;;;;;;;;;;;;;;;;;;;;;;;;;;;;;;;;;;;;;;;;;;;;;;;;;;;;;;;;;;;;;;;;;;;;;;FIBNDA2406010;;;
2026-06-06T03:48:41Z;wigos_id:0-22000-0-6990605;ARVORI;131.59325;-4.945083333333333;ascent;1;1;1;300534063313500;351;437.9;1;281.683;1;34.58;1;11763;29;23;50;;;;;;;;;;;;;;;;;;;;;;;;;;;;;;;;;;;;;;;;;;;;;;;;;;;;;;;;;;;;;;;;;;;;;;;;;;;;;;;;;;;;;;;;;;;;;;;;;;;;;;;;;;;;;;;;;;;;;;;;;;;;;;;;;;;;;;;;;;;;;;;;;;;;;;;;;;;;;;;;;;;;;;;;;;;;;;;;;;;;;;;;;;;;;;;;;;;;;;;;;;;;;;;;;;FIBNDA2406010;;;
2026-06-06T03:53:17Z;wigos_id:0-22000-0-6990605;ARVORI;131.59325;-4.945083333333333;ascent;1;1;1;300534063313500;351;412.9;1;281.977;1;34.579;1;11763;29;23;50;;;;;;;;;;;;;;;;;;;;;;;;;;;;;;;;;;;;;;;;;;;;;;;;;;;;;;;;;;;;;;;;;;;;;;;;;;;;;;;;;;;;;;;;;;;;;;;;;;;;;;;;;;;;;;;;;;;;;;;;;;;;;;;;;;;;;;;;;;;;;;;;;;;;;;;;;;;;;;;;;;;;;;;;;;;;;;;;;;;;;;;;;;;;;;;;;;;;;;;;;;;;;;;;;;FIBNDA2406010;;;
2026-06-06T03:57:49Z;wigos_id:0-22000-0-6990605;ARVORI;131.59325;-4.945083333333333;ascent;1;1;1;300534063313500;351;388.2;1;282.30899999999997;1;34.578;1;11763;29;23;50;;;;;;;;;;;;;;;;;;;;;;;;;;;;;;;;;;;;;;;;;;;;;;;;;;;;;;;;;;;;;;;;;;;;;;;;;;;;;;;;;;;;;;;;;;;;;;;;;;;;;;;;;;;;;;;;;;;;;;;;;;;;;;;;;;;;;;;;;;;;;;;;;;;;;;;;;;;;;;;;;;;;;;;;;;;;;;;;;;;;;;;;;;;;;;;;;;;;;;;;;;;;;;;;;;FIBNDA2406010;;;
2026-06-06T04:02:20Z;wigos_id:0-22000-0-6990605;ARVORI;131.59325;-4.945083333333333;ascent;1;1;1;300534063313500;351;363.6;1;282.589;1;34.576;1;11763;29;23;50;;;;;;;;;;;;;;;;;;;;;;;;;;;;;;;;;;;;;;;;;;;;;;;;;;;;;;;;;;;;;;;;;;;;;;;;;;;;;;;;;;;;;;;;;;;;;;;;;;;;;;;;;;;;;;;;;;;;;;;;;;;;;;;;;;;;;;;;;;;;;;;;;;;;;;;;;;;;;;;;;;;;;;;;;;;;;;;;;;;;;;;;;;;;;;;;;;;;;;;;;;;;;;;;;;FIBNDA2406010;;;
2026-06-06T04:07:03Z;wigos_id:0-22000-0-6990605;ARVORI;131.59325;-4.945083333333333;ascent;1;1;1;300534063313500;351;337.9;1;282.98999999999995;1;34.572;1;11763;29;23;50;;;;;;;;;;;;;;;;;;;;;;;;;;;;;;;;;;;;;;;;;;;;;;;;;;;;;;;;;;;;;;;;;;;;;;;;;;;;;;;;;;;;;;;;;;;;;;;;;;;;;;;;;;;;;;;;;;;;;;;;;;;;;;;;;;;;;;;;;;;;;;;;;;;;;;;;;;;;;;;;;;;;;;;;;;;;;;;;;;;;;;;;;;;;;;;;;;;;;;;;;;;;;;;;;;FIBNDA2406010;;;
2026-06-06T04:11:38Z;wigos_id:0-22000-0-6990605;ARVORI;131.59325;-4.945083333333333;ascent;1;1;1;300534063313500;351;312.9;1;283.792;1;34.57;1;11763;29;23;50;;;;;;;;;;;;;;;;;;;;;;;;;;;;;;;;;;;;;;;;;;;;;;;;;;;;;;;;;;;;;;;;;;;;;;;;;;;;;;;;;;;;;;;;;;;;;;;;;;;;;;;;;;;;;;;;;;;;;;;;;;;;;;;;;;;;;;;;;;;;;;;;;;;;;;;;;;;;;;;;;;;;;;;;;;;;;;;;;;;;;;;;;;;;;;;;;;;;;;;;;;;;;;;;;;FIBNDA2406010;;;
2026-06-06T04:16:21Z;wigos_id:0-22000-0-6990605;ARVORI;131.59325;-4.945083333333333;ascent;1;1;1;300534063313500;351;287.2;1;284.924;1;34.565;1;11763;29;23;50;;;;;;;;;;;;;;;;;;;;;;;;;;;;;;;;;;;;;;;;;;;;;;;;;;;;;;;;;;;;;;;;;;;;;;;;;;;;;;;;;;;;;;;;;;;;;;;;;;;;;;;;;;;;;;;;;;;;;;;;;;;;;;;;;;;;;;;;;;;;;;;;;;;;;;;;;;;;;;;;;;;;;;;;;;;;;;;;;;;;;;;;;;;;;;;;;;;;;;;;;;;;;;;;;;FIBNDA2406010;;;
2026-06-06T04:20:44Z;wigos_id:0-22000-0-6990605;ARVORI;131.59325;-4.945083333333333;ascent;1;1;1;300534063313500;351;263.3;1;286.05899999999997;1;34.566;1;11763;29;23;50;;;;;;;;;;;;;;;;;;;;;;;;;;;;;;;;;;;;;;;;;;;;;;;;;;;;;;;;;;;;;;;;;;;;;;;;;;;;;;;;;;;;;;;;;;;;;;;;;;;;;;;;;;;;;;;;;;;;;;;;;;;;;;;;;;;;;;;;;;;;;;;;;;;;;;;;;;;;;;;;;;;;;;;;;;;;;;;;;;;;;;;;;;;;;;;;;;;;;;;;;;;;;;;;;;FIBNDA2406010;;;
2026-06-06T04:25:34Z;wigos_id:0-22000-0-6990605;ARVORI;131.59325;-4.945083333333333;ascent;1;1;1;300534063313500;351;237.0;1;287.438;1;34.574;1;11763;29;23;50;;;;;;;;;;;;;;;;;;;;;;;;;;;;;;;;;;;;;;;;;;;;;;;;;;;;;;;;;;;;;;;;;;;;;;;;;;;;;;;;;;;;;;;;;;;;;;;;;;;;;;;;;;;;;;;;;;;;;;;;;;;;;;;;;;;;;;;;;;;;;;;;;;;;;;;;;;;;;;;;;;;;;;;;;;;;;;;;;;;;;;;;;;;;;;;;;;;;;;;;;;;;;;;;;;FIBNDA2406010;;;
2026-06-06T04:29:47Z;wigos_id:0-22000-0-6990605;ARVORI;131.59325;-4.945083333333333;ascent;1;1;1;300534063313500;351;214.0;1;289.221;1;34.566;1;11763;29;23;50;;;;;;;;;;;;;;;;;;;;;;;;;;;;;;;;;;;;;;;;;;;;;;;;;;;;;;;;;;;;;;;;;;;;;;;;;;;;;;;;;;;;;;;;;;;;;;;;;;;;;;;;;;;;;;;;;;;;;;;;;;;;;;;;;;;;;;;;;;;;;;;;;;;;;;;;;;;;;;;;;;;;;;;;;;;;;;;;;;;;;;;;;;;;;;;;;;;;;;;;;;;;;;;;;;FIBNDA2406010;;;
2026-06-06T04:33:10Z;wigos_id:0-22000-0-6990605;ARVORI;131.59325;-4.945083333333333;ascent;1;1;1;300534063313500;351;195.6;1;290.289;1;34.556;1;11763;29;23;50;;;;;;;;;;;;;;;;;;;;;;;;;;;;;;;;;;;;;;;;;;;;;;;;;;;;;;;;;;;;;;;;;;;;;;;;;;;;;;;;;;;;;;;;;;;;;;;;;;;;;;;;;;;;;;;;;;;;;;;;;;;;;;;;;;;;;;;;;;;;;;;;;;;;;;;;;;;;;;;;;;;;;;;;;;;;;;;;;;;;;;;;;;;;;;;;;;;;;;;;;;;;;;;;;;FIBNDA2406010;;;
2026-06-06T04:34:59Z;wigos_id:0-22000-0-6990605;ARVORI;131.59325;-4.945083333333333;ascent;1;1;1;300534063313500;351;185.7;1;290.64599999999996;1;34.554;1;11763;29;23;50;;;;;;;;;;;;;;;;;;;;;;;;;;;;;;;;;;;;;;;;;;;;;;;;;;;;;;;;;;;;;;;;;;;;;;;;;;;;;;;;;;;;;;;;;;;;;;;;;;;;;;;;;;;;;;;;;;;;;;;;;;;;;;;;;;;;;;;;;;;;;;;;;;;;;;;;;;;;;;;;;;;;;;;;;;;;;;;;;;;;;;;;;;;;;;;;;;;;;;;;;;;;;;;;;;FIBNDA2406010;;;
2026-06-06T04:36:57Z;wigos_id:0-22000-0-6990605;ARVORI;131.59325;-4.945083333333333;ascent;1;1;1;300534063313500;351;175.0;1;291.39;1;34.544;1;11763;29;23;50;;;;;;;;;;;;;;;;;;;;;;;;;;;;;;;;;;;;;;;;;;;;;;;;;;;;;;;;;;;;;;;;;;;;;;;;;;;;;;;;;;;;;;;;;;;;;;;;;;;;;;;;;;;;;;;;;;;;;;;;;;;;;;;;;;;;;;;;;;;;;;;;;;;;;;;;;;;;;;;;;;;;;;;;;;;;;;;;;;;;;;;;;;;;;;;;;;;;;;;;;;;;;;;;;;FIBNDA2406010;;;
2026-06-06T04:38:42Z;wigos_id:0-22000-0-6990605;ARVORI;131.59325;-4.945083333333333;ascent;1;1;1;300534063313500;351;165.4;1;292.217;1;34.543;1;11764;28;49;50;;;;;;;;;;;;;;;;;;;;;;;;;;;;;;;;;;;;;;;;;;;;;;;;;;;;;;;;;;;;;;;;;;;;;;;;;;;;;;;;;;;;;;;;;;;;;;;;;;;;;;;;;;;;;;;;;;;;;;;;;;;;;;;;;;;;;;;;;;;;;;;;;;;;;;;;;;;;;;;;;;;;;;;;;;;;;;;;;;;;;;;;;;;;;;;;;;;;;;;;;;;;;;;;;;FIBNDA2406010;;;
2026-06-06T04:40:29Z;wigos_id:0-22000-0-6990605;ARVORI;131.59325;-4.945083333333333;ascent;1;1;1;300534063313500;351;155.7;1;292.775;1;34.543;1;11764;28;49;50;;;;;;;;;;;;;;;;;;;;;;;;;;;;;;;;;;;;;;;;;;;;;;;;;;;;;;;;;;;;;;;;;;;;;;;;;;;;;;;;;;;;;;;;;;;;;;;;;;;;;;;;;;;;;;;;;;;;;;;;;;;;;;;;;;;;;;;;;;;;;;;;;;;;;;;;;;;;;;;;;;;;;;;;;;;;;;;;;;;;;;;;;;;;;;;;;;;;;;;;;;;;;;;;;;FIBNDA2406010;;;
2026-06-06T04:42:18Z;wigos_id:0-22000-0-6990605;ARVORI;131.59325;-4.945083333333333;ascent;1;1;1;300534063313500;351;145.8;1;293.474;1;34.545;1;11764;28;49;50;;;;;;;;;;;;;;;;;;;;;;;;;;;;;;;;;;;;;;;;;;;;;;;;;;;;;;;;;;;;;;;;;;;;;;;;;;;;;;;;;;;;;;;;;;;;;;;;;;;;;;;;;;;;;;;;;;;;;;;;;;;;;;;;;;;;;;;;;;;;;;;;;;;;;;;;;;;;;;;;;;;;;;;;;;;;;;;;;;;;;;;;;;;;;;;;;;;;;;;;;;;;;;;;;;FIBNDA2406010;;;
2026-06-06T04:44:09Z;wigos_id:0-22000-0-6990605;ARVORI;131.59325;-4.945083333333333;ascent;1;1;1;300534063313500;351;135.7;1;294.585;1;34.537;1;11764;28;49;50;;;;;;;;;;;;;;;;;;;;;;;;;;;;;;;;;;;;;;;;;;;;;;;;;;;;;;;;;;;;;;;;;;;;;;;;;;;;;;;;;;;;;;;;;;;;;;;;;;;;;;;;;;;;;;;;;;;;;;;;;;;;;;;;;;;;;;;;;;;;;;;;;;;;;;;;;;;;;;;;;;;;;;;;;;;;;;;;;;;;;;;;;;;;;;;;;;;;;;;;;;;;;;;;;;FIBNDA2406010;;;
2026-06-06T04:45:59Z;wigos_id:0-22000-0-6990605;ARVORI;131.59325;-4.945083333333333;ascent;1;1;1;300534063313500;351;125.7;1;295.231;1;34.517;1;11764;28;49;50;;;;;;;;;;;;;;;;;;;;;;;;;;;;;;;;;;;;;;;;;;;;;;;;;;;;;;;;;;;;;;;;;;;;;;;;;;;;;;;;;;;;;;;;;;;;;;;;;;;;;;;;;;;;;;;;;;;;;;;;;;;;;;;;;;;;;;;;;;;;;;;;;;;;;;;;;;;;;;;;;;;;;;;;;;;;;;;;;;;;;;;;;;;;;;;;;;;;;;;;;;;;;;;;;;FIBNDA2406010;;;
2026-06-06T04:47:53Z;wigos_id:0-22000-0-6990605;ARVORI;131.59325;-4.945083333333333;ascent;1;1;1;300534063313500;351;115.4;1;296.00199999999995;1;34.477;1;11764;28;49;50;;;;;;;;;;;;;;;;;;;;;;;;;;;;;;;;;;;;;;;;;;;;;;;;;;;;;;;;;;;;;;;;;;;;;;;;;;;;;;;;;;;;;;;;;;;;;;;;;;;;;;;;;;;;;;;;;;;;;;;;;;;;;;;;;;;;;;;;;;;;;;;;;;;;;;;;;;;;;;;;;;;;;;;;;;;;;;;;;;;;;;;;;;;;;;;;;;;;;;;;;;;;;;;;;;FIBNDA2406010;;;
2026-06-06T04:49:42Z;wigos_id:0-22000-0-6990605;ARVORI;131.59325;-4.945083333333333;ascent;1;1;1;300534063313500;351;105.5;1;296.65799999999996;1;34.405;1;11764;28;49;50;;;;;;;;;;;;;;;;;;;;;;;;;;;;;;;;;;;;;;;;;;;;;;;;;;;;;;;;;;;;;;;;;;;;;;;;;;;;;;;;;;;;;;;;;;;;;;;;;;;;;;;;;;;;;;;;;;;;;;;;;;;;;;;;;;;;;;;;;;;;;;;;;;;;;;;;;;;;;;;;;;;;;;;;;;;;;;;;;;;;;;;;;;;;;;;;;;;;;;;;;;;;;;;;;;FIBNDA2406010;;;
2026-06-06T04:51:34Z;wigos_id:0-22000-0-6990605;ARVORI;131.59325;-4.945083333333333;ascent;1;1;1;300534063313500;351;95.3;1;297.0;1;34.424;1;11764;28;49;50;;;;;;;;;;;;;;;;;;;;;;;;;;;;;;;;;;;;;;;;;;;;;;;;;;;;;;;;;;;;;;;;;;;;;;;;;;;;;;;;;;;;;;;;;;;;;;;;;;;;;;;;;;;;;;;;;;;;;;;;;;;;;;;;;;;;;;;;;;;;;;;;;;;;;;;;;;;;;;;;;;;;;;;;;;;;;;;;;;;;;;;;;;;;;;;;;;;;;;;;;;;;;;;;;;FIBNDA2406010;;;
2026-06-06T04:53:24Z;wigos_id:0-22000-0-6990605;ARVORI;131.59325;-4.945083333333333;ascent;1;1;1;300534063313500;351;85.3;1;297.2;1;34.37;1;11764;28;49;50;;;;;;;;;;;;;;;;;;;;;;;;;;;;;;;;;;;;;;;;;;;;;;;;;;;;;;;;;;;;;;;;;;;;;;;;;;;;;;;;;;;;;;;;;;;;;;;;;;;;;;;;;;;;;;;;;;;;;;;;;;;;;;;;;;;;;;;;;;;;;;;;;;;;;;;;;;;;;;;;;;;;;;;;;;;;;;;;;;;;;;;;;;;;;;;;;;;;;;;;;;;;;;;;;;FIBNDA2406010;;;
2026-06-06T04:55:17Z;wigos_id:0-22000-0-6990605;ARVORI;131.59325;-4.945083333333333;ascent;1;1;1;300534063313500;351;75.1;1;297.452;1;34.328;1;11764;28;49;50;;;;;;;;;;;;;;;;;;;;;;;;;;;;;;;;;;;;;;;;;;;;;;;;;;;;;;;;;;;;;;;;;;;;;;;;;;;;;;;;;;;;;;;;;;;;;;;;;;;;;;;;;;;;;;;;;;;;;;;;;;;;;;;;;;;;;;;;;;;;;;;;;;;;;;;;;;;;;;;;;;;;;;;;;;;;;;;;;;;;;;;;;;;;;;;;;;;;;;;;;;;;;;;;;;FIBNDA2406010;;;
2026-06-06T04:57:08Z;wigos_id:0-22000-0-6990605;ARVORI;131.59325;-4.945083333333333;ascent;1;1;1;300534063313500;351;65.0;1;297.871;1;34.312;1;11764;28;49;50;;;;;;;;;;;;;;;;;;;;;;;;;;;;;;;;;;;;;;;;;;;;;;;;;;;;;;;;;;;;;;;;;;;;;;;;;;;;;;;;;;;;;;;;;;;;;;;;;;;;;;;;;;;;;;;;;;;;;;;;;;;;;;;;;;;;;;;;;;;;;;;;;;;;;;;;;;;;;;;;;;;;;;;;;;;;;;;;;;;;;;;;;;;;;;;;;;;;;;;;;;;;;;;;;;FIBNDA2406010;;;
2026-06-06T04:58:55Z;wigos_id:0-22000-0-6990605;ARVORI;131.59325;-4.945083333333333;ascent;1;1;1;300534063313500;351;55.3;1;298.075;1;34.236;1;11764;28;49;50;;;;;;;;;;;;;;;;;;;;;;;;;;;;;;;;;;;;;;;;;;;;;;;;;;;;;;;;;;;;;;;;;;;;;;;;;;;;;;;;;;;;;;;;;;;;;;;;;;;;;;;;;;;;;;;;;;;;;;;;;;;;;;;;;;;;;;;;;;;;;;;;;;;;;;;;;;;;;;;;;;;;;;;;;;;;;;;;;;;;;;;;;;;;;;;;;;;;;;;;;;;;;;;;;;FIBNDA2406010;;;
2026-06-06T05:00:49Z;wigos_id:0-22000-0-6990605;ARVORI;131.59325;-4.945083333333333;ascent;1;1;1;300534063313500;351;44.9;1;298.361;1;34.212;1;11764;28;49;50;;;;;;;;;;;;;;;;;;;;;;;;;;;;;;;;;;;;;;;;;;;;;;;;;;;;;;;;;;;;;;;;;;;;;;;;;;;;;;;;;;;;;;;;;;;;;;;;;;;;;;;;;;;;;;;;;;;;;;;;;;;;;;;;;;;;;;;;;;;;;;;;;;;;;;;;;;;;;;;;;;;;;;;;;;;;;;;;;;;;;;;;;;;;;;;;;;;;;;;;;;;;;;;;;;FIBNDA2406010;;;
2026-06-06T05:02:38Z;wigos_id:0-22000-0-6990605;ARVORI;131.59325;-4.945083333333333;ascent;1;1;1;300534063313500;351;35.0;1;299.26099999999997;1;34.067;1;11764;28;49;50;;;;;;;;;;;;;;;;;;;;;;;;;;;;;;;;;;;;;;;;;;;;;;;;;;;;;;;;;;;;;;;;;;;;;;;;;;;;;;;;;;;;;;;;;;;;;;;;;;;;;;;;;;;;;;;;;;;;;;;;;;;;;;;;;;;;;;;;;;;;;;;;;;;;;;;;;;;;;;;;;;;;;;;;;;;;;;;;;;;;;;;;;;;;;;;;;;;;;;;;;;;;;;;;;;FIBNDA2406010;;;
2026-06-06T05:04:15Z;wigos_id:0-22000-0-6990605;ARVORI;131.59325;-4.945083333333333;ascent;1;1;1;300534063313500;351;26.2;1;300.506;1;33.896;1;11764;28;49;50;;;;;;;;;;;;;;;;;;;;;;;;;;;;;;;;;;;;;;;;;;;;;;;;;;;;;;;;;;;;;;;;;;;;;;;;;;;;;;;;;;;;;;;;;;;;;;;;;;;;;;;;;;;;;;;;;;;;;;;;;;;;;;;;;;;;;;;;;;;;;;;;;;;;;;;;;;;;;;;;;;;;;;;;;;;;;;;;;;;;;;;;;;;;;;;;;;;;;;;;;;;;;;;;;;FIBNDA2406010;;;
2026-06-06T05:06:16Z;wigos_id:0-22000-0-6990605;ARVORI;131.59325;-4.945083333333333;ascent;1;1;1;300534063313500;351;15.2;1;300.97299999999996;1;33.846;1;11764;58;47;50;;;;;;;;;;;;;;;;;;;;;;;;;;;;;;;;;;;;;;;;;;;;;;;;;;;;;;;;;;;;;;;;;;;;;;;;;;;;;;;;;;;;;;;;;;;;;;;;;;;;;;;;;;;;;;;;;;;;;;;;;;;;;;;;;;;;;;;;;;;;;;;;;;;;;;;;;;;;;;;;;;;;;;;;;;;;;;;;;;;;;;;;;;;;;;;;;;;;;;;;;;;;;;;;;;FIBNDA2406010;;;
2026-06-06T05:07:17Z;wigos_id:0-22000-0-6990605;ARVORI;131.59325;-4.945083333333333;ascent;1;1;1;300534063313500;351;9.7;1;301.328;1;33.807;1;11764;58;47;50;;;;;;;;;;;;;;;;;;;;;;;;;;;;;;;;;;;;;;;;;;;;;;;;;;;;;;;;;;;;;;;;;;;;;;;;;;;;;;;;;;;;;;;;;;;;;;;;;;;;;;;;;;;;;;;;;;;;;;;;;;;;;;;;;;;;;;;;;;;;;;;;;;;;;;;;;;;;;;;;;;;;;;;;;;;;;;;;;;;;;;;;;;;;;;;;;;;;;;;;;;;;;;;;;;FIBNDA2406010;;;
2026-06-06T05:07:27Z;wigos_id:0-22000-0-6990605;ARVORI;131.59325;-4.945083333333333;ascent;1;1;1;300534063313500;351;8.8;1;301.524;1;33.777;1;11764;58;47;50;;;;;;;;;;;;;;;;;;;;;;;;;;;;;;;;;;;;;;;;;;;;;;;;;;;;;;;;;;;;;;;;;;;;;;;;;;;;;;;;;;;;;;;;;;;;;;;;;;;;;;;;;;;;;;;;;;;;;;;;;;;;;;;;;;;;;;;;;;;;;;;;;;;;;;;;;;;;;;;;;;;;;;;;;;;;;;;;;;;;;;;;;;;;;;;;;;;;;;;;;;;;;;;;;;FIBNDA2406010;;;
2026-06-06T05:07:38Z;wigos_id:0-22000-0-6990605;ARVORI;131.59325;-4.945083333333333;ascent;1;1;1;300534063313500;351;7.8;1;301.794;1;33.733;1;11764;58;47;50;;;;;;;;;;;;;;;;;;;;;;;;;;;;;;;;;;;;;;;;;;;;;;;;;;;;;;;;;;;;;;;;;;;;;;;;;;;;;;;;;;;;;;;;;;;;;;;;;;;;;;;;;;;;;;;;;;;;;;;;;;;;;;;;;;;;;;;;;;;;;;;;;;;;;;;;;;;;;;;;;;;;;;;;;;;;;;;;;;;;;;;;;;;;;;;;;;;;;;;;;;;;;;;;;;FIBNDA2406010;;;
2026-06-06T05:07:48Z;wigos_id:0-22000-0-6990605;ARVORI;131.59325;-4.945083333333333;ascent;1;1;1;300534063313500;351;6.9;1;301.919;1;33.714;1;11764;58;47;50;;;;;;;;;;;;;;;;;;;;;;;;;;;;;;;;;;;;;;;;;;;;;;;;;;;;;;;;;;;;;;;;;;;;;;;;;;;;;;;;;;;;;;;;;;;;;;;;;;;;;;;;;;;;;;;;;;;;;;;;;;;;;;;;;;;;;;;;;;;;;;;;;;;;;;;;;;;;;;;;;;;;;;;;;;;;;;;;;;;;;;;;;;;;;;;;;;;;;;;;;;;;;;;;;;FIBNDA2406010;;;
2026-06-06T05:07:58Z;wigos_id:0-22000-0-6990605;ARVORI;131.59325;-4.945083333333333;ascent;1;1;1;300534063313500;351;6.0;1;301.96799999999996;1;33.706;1;11764;58;47;50;;;;;;;;;;;;;;;;;;;;;;;;;;;;;;;;;;;;;;;;;;;;;;;;;;;;;;;;;;;;;;;;;;;;;;;;;;;;;;;;;;;;;;;;;;;;;;;;;;;;;;;;;;;;;;;;;;;;;;;;;;;;;;;;;;;;;;;;;;;;;;;;;;;;;;;;;;;;;;;;;;;;;;;;;;;;;;;;;;;;;;;;;;;;;;;;;;;;;;;;;;;;;;;;;;FIBNDA2406010;;;
2026-06-06T05:08:11Z;wigos_id:0-22000-0-6990605;ARVORI;131.59325;-4.945083333333333;ascent;1;1;1;300534063313500;351;4.8;1;301.986;1;33.703;1;11764;58;47;50;;;;;;;;;;;;;;;;;;;;;;;;;;;;;;;;;;;;;;;;;;;;;;;;;;;;;;;;;;;;;;;;;;;;;;;;;;;;;;;;;;;;;;;;;;;;;;;;;;;;;;;;;;;;;;;;;;;;;;;;;;;;;;;;;;;;;;;;;;;;;;;;;;;;;;;;;;;;;;;;;;;;;;;;;;;;;;;;;;;;;;;;;;;;;;;;;;;;;;;;;;;;;;;;;;FIBNDA2406010;;;
2026-06-06T05:08:21Z;wigos_id:0-22000-0-6990605;ARVORI;131.59325;-4.945083333333333;ascent;1;1;1;300534063313500;351;3.9;1;301.989;1;33.69;1;11764;58;47;50;;;;;;;;;;;;;;;;;;;;;;;;;;;;;;;;;;;;;;;;;;;;;;;;;;;;;;;;;;;;;;;;;;;;;;;;;;;;;;;;;;;;;;;;;;;;;;;;;;;;;;;;;;;;;;;;;;;;;;;;;;;;;;;;;;;;;;;;;;;;;;;;;;;;;;;;;;;;;;;;;;;;;;;;;;;;;;;;;;;;;;;;;;;;;;;;;;;;;;;;;;;;;;;;;;FIBNDA2406010;;;
2026-06-06T05:08:32Z;wigos_id:0-22000-0-6990605;ARVORI;131.59325;-4.945083333333333;ascent;1;1;1;300534063313500;351;2.9;1;301.98699999999997;1;33.692;1;11764;58;47;50;;;;;;;;;;;;;;;;;;;;;;;;;;;;;;;;;;;;;;;;;;;;;;;;;;;;;;;;;;;;;;;;;;;;;;;;;;;;;;;;;;;;;;;;;;;;;;;;;;;;;;;;;;;;;;;;;;;;;;;;;;;;;;;;;;;;;;;;;;;;;;;;;;;;;;;;;;;;;;;;;;;;;;;;;;;;;;;;;;;;;;;;;;;;;;;;;;;;;;;;;;;;;;;;;;FIBNDA2406010;;;
2026-06-06T05:08:42Z;wigos_id:0-22000-0-6990605;ARVORI;131.59325;-4.945083333333333;ascent;1;1;1;300534063313500;351;2.0;1;301.98699999999997;1;33.693;1;11764;58;47;50;;;;;;;;;;;;;;;;;;;;;;;;;;;;;;;;;;;;;;;;;;;;;;;;;;;;;;;;;;;;;;;;;;;;;;;;;;;;;;;;;;;;;;;;;;;;;;;;;;;;;;;;;;;;;;;;;;;;;;;;;;;;;;;;;;;;;;;;;;;;;;;;;;;;;;;;;;;;;;;;;;;;;;;;;;;;;;;;;;;;;;;;;;;;;;;;;;;;;;;;;;;;;;;;;;FIBNDA2406010;;;
2026-06-06T05:08:52Z;wigos_id:0-22000-0-6990605;ARVORI;131.59325;-4.945083333333333;ascent;1;1;1;300534063313500;351;1.1;1;301.984;1;33.698;1;11764;58;47;50;;;;;;;;;;;;;;;;;;;;;;;;;;;;;;;;;;;;;;;;;;;;;;;;;;;;;;;;;;;;;;;;;;;;;;;;;;;;;;;;;;;;;;;;;;;;;;;;;;;;;;;;;;;;;;;;;;;;;;;;;;;;;;;;;;;;;;;;;;;;;;;;;;;;;;;;;;;;;;;;;;;;;;;;;;;;;;;;;;;;;;;;;;;;;;;;;;;;;;;;;;;;;;;;;;FIBNDA2406010;;;
2026-06-06T05:09:01Z;wigos_id:0-22000-0-6990605;ARVORI;131.59325;-4.945083333333333;ascent;1;1;1;300534063313500;351;0.3;1;301.98199999999997;1;33.699;1;11764;58;47;50;;;;;;;;;;;;;;;;;;;;;;;;;;;;;;;;;;;;;;;;;;;;;;;;;;;;;;;;;;;;;;;;;;;;;;;;;;;;;;;;;;;;;;;;;;;;;;;;;;;;;;;;;;;;;;;;;;;;;;;;;;;;;;;;;;;;;;;;;;;;;;;;;;;;;;;;;;;;;;;;;;;;;;;;;;;;;;;;;;;;;;;;;;;;;;;;;;;;;;;;;;;;;;;;;;FIBNDA2406010;;;
2026-06-06T05:14:24Z;wigos_id:0-22000-0-6990605;ARVORI;131.59325;-4.945083333333333;hydraulic;1;1;1;300534063313500;351;;;;;;;;;;50;;;;;;;;;;;;;;;;;;;;;;;;;;;;;;;;;;;;;;;;;;;;;;;;;;;;;;;;;;;;;;;;;;;;;;;;;;;;;;;;;;;;;;;;;;;;;;;;;;;;;;;;;;;;;;;;;;;;;;;;;;;;;;;;;;;;;;;;;;;;;;;;;;;;;;;;;;;;;;;;;;;;;;;;;;;;;;;;;;;;;;;;;;;;;;;;;;;;;;;;;;;;480;358;0;55;56;17;FIBNDA2406010;;;
2026-06-06T05:14:24Z;wigos_id:0-22000-0-6990605;ARVORI;131.59325;-4.945083333333333;hydraulic;1;1;1;300534063313500;351;;;;;;;;;;50;;;;;;;;;;;;;;;;;;;;;;;;;;;;;;;;;;;;;;;;;;;;;;;;;;;;;;;;;;;;;;;;;;;;;;;;;;;;;;;;;;;;;;;;;;;;;;;;;;;;;;;;;;;;;;;;;;;;;;;;;;;;;;;;;;;;;;;;;;;;;;;;;;;;;;;;;;;;;;;;;;;;;;;;;;;;;;;;;;;;;;;;;;;;;;;;;;;;;;;;;;;;480;358;0;65;64;171;FIBNDA2406010;;;
2026-06-06T05:14:24Z;wigos_id:0-22000-0-6990605;ARVORI;131.59325;-4.945083333333333;hydraulic;1;1;1;300534063313500;351;;;;;;;;;;50;;;;;;;;;;;;;;;;;;;;;;;;;;;;;;;;;;;;;;;;;;;;;;;;;;;;;;;;;;;;;;;;;;;;;;;;;;;;;;;;;;;;;;;;;;;;;;;;;;;;;;;;;;;;;;;;;;;;;;;;;;;;;;;;;;;;;;;;;;;;;;;;;;;;;;;;;;;;;;;;;;;;;;;;;;;;;;;;;;;;;;;;;;;;;;;;;;;;;;;;;;;;480;358;0;100;132;102;FIBNDA2406010;;;
2026-06-06T05:14:24Z;wigos_id:0-22000-0-6990605;ARVORI;131.59325;-4.945083333333333;hydraulic;1;1;1;300534063313500;351;;;;;;;;;;50;;;;;;;;;;;;;;;;;;;;;;;;;;;;;;;;;;;;;;;;;;;;;;;;;;;;;;;;;;;;;;;;;;;;;;;;;;;;;;;;;;;;;;;;;;;;;;;;;;;;;;;;;;;;;;;;;;;;;;;;;;;;;;;;;;;;;;;;;;;;;;;;;;;;;;;;;;;;;;;;;;;;;;;;;;;;;;;;;;;;;;;;;;;;;;;;;;;;;;;;;;;;480;358;0;130;185;77;FIBNDA2406010;;;
2026-06-06T05:14:24Z;wigos_id:0-22000-0-6990605;ARVORI;131.59325;-4.945083333333333;hydraulic;1;1;1;300534063313500;351;;;;;;;;;;50;;;;;;;;;;;;;;;;;;;;;;;;;;;;;;;;;;;;;;;;;;;;;;;;;;;;;;;;;;;;;;;;;;;;;;;;;;;;;;;;;;;;;;;;;;;;;;;;;;;;;;;;;;;;;;;;;;;;;;;;;;;;;;;;;;;;;;;;;;;;;;;;;;;;;;;;;;;;;;;;;;;;;;;;;;;;;;;;;;;;;;;;;;;;;;;;;;;;;;;;;;;;480;358;0;155;219;67;FIBNDA2406010;;;
2026-06-06T05:14:24Z;wigos_id:0-22000-0-6990605;ARVORI;131.59325;-4.945083333333333;hydraulic;1;1;1;300534063313500;351;;;;;;;;;;50;;;;;;;;;;;;;;;;;;;;;;;;;;;;;;;;;;;;;;;;;;;;;;;;;;;;;;;;;;;;;;;;;;;;;;;;;;;;;;;;;;;;;;;;;;;;;;;;;;;;;;;;;;;;;;;;;;;;;;;;;;;;;;;;;;;;;;;;;;;;;;;;;;;;;;;;;;;;;;;;;;;;;;;;;;;;;;;;;;;;;;;;;;;;;;;;;;;;;;;;;;;;480;358;0;215;325;55;FIBNDA2406010;;;
2026-06-06T05:14:24Z;wigos_id:0-22000-0-6990605;ARVORI;131.59325;-4.945083333333333;hydraulic;1;1;1;300534063313500;351;;;;;;;;;;50;;;;;;;;;;;;;;;;;;;;;;;;;;;;;;;;;;;;;;;;;;;;;;;;;;;;;;;;;;;;;;;;;;;;;;;;;;;;;;;;;;;;;;;;;;;;;;;;;;;;;;;;;;;;;;;;;;;;;;;;;;;;;;;;;;;;;;;;;;;;;;;;;;;;;;;;;;;;;;;;;;;;;;;;;;;;;;;;;;;;;;;;;;;;;;;;;;;;;;;;;;;;480;358;0;315;592;23;FIBNDA2406010;;;
2026-06-06T05:14:24Z;wigos_id:0-22000-0-6990605;ARVORI;131.59325;-4.945083333333333;hydraulic;1;1;1;300534063313500;351;;;;;;;;;;50;;;;;;;;;;;;;;;;;;;;;;;;;;;;;;;;;;;;;;;;;;;;;;;;;;;;;;;;;;;;;;;;;;;;;;;;;;;;;;;;;;;;;;;;;;;;;;;;;;;;;;;;;;;;;;;;;;;;;;;;;;;;;;;;;;;;;;;;;;;;;;;;;;;;;;;;;;;;;;;;;;;;;;;;;;;;;;;;;;;;;;;;;;;;;;;;;;;;;;;;;;;;480;358;0;425;778;10;FIBNDA2406010;;;
2026-06-06T05:14:24Z;wigos_id:0-22000-0-6990605;ARVORI;131.59325;-4.945083333333333;hydraulic;1;1;1;300534063313500;351;;;;;;;;;;50;;;;;;;;;;;;;;;;;;;;;;;;;;;;;;;;;;;;;;;;;;;;;;;;;;;;;;;;;;;;;;;;;;;;;;;;;;;;;;;;;;;;;;;;;;;;;;;;;;;;;;;;;;;;;;;;;;;;;;;;;;;;;;;;;;;;;;;;;;;;;;;;;;;;;;;;;;;;;;;;;;;;;;;;;;;;;;;;;;;;;;;;;;;;;;;;;;;;;;;;;;;;480;358;0;470;836;13;FIBNDA2406010;;;
2026-06-06T05:14:24Z;wigos_id:0-22000-0-6990605;ARVORI;131.59325;-4.945083333333333;hydraulic;1;1;1;300534063313500;351;;;;;;;;;;50;;;;;;;;;;;;;;;;;;;;;;;;;;;;;;;;;;;;;;;;;;;;;;;;;;;;;;;;;;;;;;;;;;;;;;;;;;;;;;;;;;;;;;;;;;;;;;;;;;;;;;;;;;;;;;;;;;;;;;;;;;;;;;;;;;;;;;;;;;;;;;;;;;;;;;;;;;;;;;;;;;;;;;;;;;;;;;;;;;;;;;;;;;;;;;;;;;;;;;;;;;;;480;358;0;555;958;5;FIBNDA2406010;;;
2026-06-06T05:14:24Z;wigos_id:0-22000-0-6990605;ARVORI;131.59325;-4.945083333333333;hydraulic;1;1;1;300534063313500;351;;;;;;;;;;50;;;;;;;;;;;;;;;;;;;;;;;;;;;;;;;;;;;;;;;;;;;;;;;;;;;;;;;;;;;;;;;;;;;;;;;;;;;;;;;;;;;;;;;;;;;;;;;;;;;;;;;;;;;;;;;;;;;;;;;;;;;;;;;;;;;;;;;;;;;;;;;;;;;;;;;;;;;;;;;;;;;;;;;;;;;;;;;;;;;;;;;;;;;;;;;;;;;;;;;;;;;;480;358;1;2642;1057;50;FIBNDA2406010;;;
2026-06-06T05:14:24Z;wigos_id:0-22000-0-6990605;ARVORI;131.59325;-4.945083333333333;hydraulic;1;1;1;300534063313500;351;;;;;;;;;;50;;;;;;;;;;;;;;;;;;;;;;;;;;;;;;;;;;;;;;;;;;;;;;;;;;;;;;;;;;;;;;;;;;;;;;;;;;;;;;;;;;;;;;;;;;;;;;;;;;;;;;;;;;;;;;;;;;;;;;;;;;;;;;;;;;;;;;;;;;;;;;;;;;;;;;;;;;;;;;;;;;;;;;;;;;;;;;;;;;;;;;;;;;;;;;;;;;;;;;;;;;;;480;358;1;2647;1056;290;FIBNDA2406010;;;
2026-06-06T05:14:24Z;wigos_id:0-22000-0-6990605;ARVORI;131.59325;-4.945083333333333;hydraulic;1;1;1;300534063313500;351;;;;;;;;;;50;;;;;;;;;;;;;;;;;;;;;;;;;;;;;;;;;;;;;;;;;;;;;;;;;;;;;;;;;;;;;;;;;;;;;;;;;;;;;;;;;;;;;;;;;;;;;;;;;;;;;;;;;;;;;;;;;;;;;;;;;;;;;;;;;;;;;;;;;;;;;;;;;;;;;;;;;;;;;;;;;;;;;;;;;;;;;;;;;;;;;;;;;;;;;;;;;;;;;;;;;;;;480;358;0;2687;966;5;FIBNDA2406010;;;
2026-06-06T05:14:24Z;wigos_id:0-22000-0-6990605;ARVORI;131.59325;-4.945083333333333;hydraulic;1;1;1;300534063313500;351;;;;;;;;;;50;;;;;;;;;;;;;;;;;;;;;;;;;;;;;;;;;;;;;;;;;;;;;;;;;;;;;;;;;;;;;;;;;;;;;;;;;;;;;;;;;;;;;;;;;;;;;;;;;;;;;;;;;;;;;;;;;;;;;;;;;;;;;;;;;;;;;;;;;;;;;;;;;;;;;;;;;;;;;;;;;;;;;;;;;;;;;;;;;;;;;;;;;;;;;;;;;;;;;;;;;;;;480;358;1;14318;134;720;FIBNDA2406010;;;
2026-06-06T05:14:24Z;wigos_id:0-22000-0-6990605;ARVORI;131.59325;-4.945083333333333;hydraulic;1;1;1;300534063313500;351;;;;;;;;;;50;;;;;;;;;;;;;;;;;;;;;;;;;;;;;;;;;;;;;;;;;;;;;;;;;;;;;;;;;;;;;;;;;;;;;;;;;;;;;;;;;;;;;;;;;;;;;;;;;;;;;;;;;;;;;;;;;;;;;;;;;;;;;;;;;;;;;;;;;;;;;;;;;;;;;;;;;;;;;;;;;;;;;;;;;;;;;;;;;;;;;;;;;;;;;;;;;;;;;;;;;;;;480;358;1;14320;126;720;FIBNDA2406010;;;
2026-06-06T05:14:24Z;wigos_id:0-22000-0-6990605;ARVORI;131.59325;-4.945083333333333;hydraulic;1;1;1;300534063313500;351;;;;;;;;;;50;;;;;;;;;;;;;;;;;;;;;;;;;;;;;;;;;;;;;;;;;;;;;;;;;;;;;;;;;;;;;;;;;;;;;;;;;;;;;;;;;;;;;;;;;;;;;;;;;;;;;;;;;;;;;;;;;;;;;;;;;;;;;;;;;;;;;;;;;;;;;;;;;;;;;;;;;;;;;;;;;;;;;;;;;;;;;;;;;;;;;;;;;;;;;;;;;;;;;;;;;;;;480;358;1;14336;36;720;FIBNDA2406010;;;
2026-06-06T05:14:24Z;wigos_id:0-22000-0-6990605;ARVORI;131.59325;-4.945083333333333;hydraulic;1;1;1;300534063313500;351;;;;;;;;;;50;;;;;;;;;;;;;;;;;;;;;;;;;;;;;;;;;;;;;;;;;;;;;;;;;;;;;;;;;;;;;;;;;;;;;;;;;;;;;;;;;;;;;;;;;;;;;;;;;;;;;;;;;;;;;;;;;;;;;;;;;;;;;;;;;;;;;;;;;;;;;;;;;;;;;;;;;;;;;;;;;;;;;;;;;;;;;;;;;;;;;;;;;;;;;;;;;;;;;;;;;;;;480;358;1;14338;29;720;FIBNDA2406010;;;
2026-06-06T05:14:24Z;wigos_id:0-22000-0-6990605;ARVORI;131.59325;-4.945083333333333;hydraulic;1;1;1;300534063313500;351;;;;;;;;;;50;;;;;;;;;;;;;;;;;;;;;;;;;;;;;;;;;;;;;;;;;;;;;;;;;;;;;;;;;;;;;;;;;;;;;;;;;;;;;;;;;;;;;;;;;;;;;;;;;;;;;;;;;;;;;;;;;;;;;;;;;;;;;;;;;;;;;;;;;;;;;;;;;;;;;;;;;;;;;;;;;;;;;;;;;;;;;;;;;;;;;;;;;;;;;;;;;;;;;;;;;;;;480;358;1;14355;0;28000;FIBNDA2406010;;;
2026-06-06T05:14:24Z;wigos_id:0-22000-0-6990605;ARVORI;131.59325;-4.945083333333333;hydraulic;1;1;1;300534063313500;351;;;;;;;;;;50;;;;;;;;;;;;;;;;;;;;;;;;;;;;;;;;;;;;;;;;;;;;;;;;;;;;;;;;;;;;;;;;;;;;;;;;;;;;;;;;;;;;;;;;;;;;;;;;;;;;;;;;;;;;;;;;;;;;;;;;;;;;;;;;;;;;;;;;;;;;;;;;;;;;;;;;;;;;;;;;;;;;;;;;;;;;;;;;;;;;;;;;;;;;;;;;;;;;;;;;;;;;480;358;0;0;0;0;FIBNDA2406010;;;
2026-06-06T05:14:24Z;wigos_id:0-22000-0-6990605;ARVORI;131.59325;-4.945083333333333;hydraulic;1;1;1;300534063313500;351;;;;;;;;;;50;;;;;;;;;;;;;;;;;;;;;;;;;;;;;;;;;;;;;;;;;;;;;;;;;;;;;;;;;;;;;;;;;;;;;;;;;;;;;;;;;;;;;;;;;;;;;;;;;;;;;;;;;;;;;;;;;;;;;;;;;;;;;;;;;;;;;;;;;;;;;;;;;;;;;;;;;;;;;;;;;;;;;;;;;;;;;;;;;;;;;;;;;;;;;;;;;;;;;;;;;;;;480;358;0;0;0;0;FIBNDA2406010;;;
2026-06-06T05:14:24Z;wigos_id:0-22000-0-6990605;ARVORI;131.59325;-4.945083333333333;hydraulic;1;1;1;300534063313500;351;;;;;;;;;;50;;;;;;;;;;;;;;;;;;;;;;;;;;;;;;;;;;;;;;;;;;;;;;;;;;;;;;;;;;;;;;;;;;;;;;;;;;;;;;;;;;;;;;;;;;;;;;;;;;;;;;;;;;;;;;;;;;;;;;;;;;;;;;;;;;;;;;;;;;;;;;;;;;;;;;;;;;;;;;;;;;;;;;;;;;;;;;;;;;;;;;;;;;;;;;;;;;;;;;;;;;;;480;358;0;0;0;0;FIBNDA2406010;;;
2026-06-06T05:14:24Z;wigos_id:0-22000-0-6990605;ARVORI;131.59325;-4.945083333333333;hydraulic;1;1;1;300534063313500;351;;;;;;;;;;50;;;;;;;;;;;;;;;;;;;;;;;;;;;;;;;;;;;;;;;;;;;;;;;;;;;;;;;;;;;;;;;;;;;;;;;;;;;;;;;;;;;;;;;;;;;;;;;;;;;;;;;;;;;;;;;;;;;;;;;;;;;;;;;;;;;;;;;;;;;;;;;;;;;;;;;;;;;;;;;;;;;;;;;;;;;;;;;;;;;;;;;;;;;;;;;;;;;;;;;;;;;;480;358;0;0;0;0;FIBNDA2406010;;;
2026-06-06T05:14:24Z;wigos_id:0-22000-0-6990605;ARVORI;131.59325;-4.945083333333333;hydraulic;1;1;1;300534063313500;351;;;;;;;;;;50;;;;;;;;;;;;;;;;;;;;;;;;;;;;;;;;;;;;;;;;;;;;;;;;;;;;;;;;;;;;;;;;;;;;;;;;;;;;;;;;;;;;;;;;;;;;;;;;;;;;;;;;;;;;;;;;;;;;;;;;;;;;;;;;;;;;;;;;;;;;;;;;;;;;;;;;;;;;;;;;;;;;;;;;;;;;;;;;;;;;;;;;;;;;;;;;;;;;;;;;;;;;480;358;0;0;0;0;FIBNDA2406010;;;
2026-06-06T05:14:24Z;wigos_id:0-22000-0-6990605;ARVORI;131.59325;-4.945083333333333;hydraulic;1;1;1;300534063313500;351;;;;;;;;;;50;;;;;;;;;;;;;;;;;;;;;;;;;;;;;;;;;;;;;;;;;;;;;;;;;;;;;;;;;;;;;;;;;;;;;;;;;;;;;;;;;;;;;;;;;;;;;;;;;;;;;;;;;;;;;;;;;;;;;;;;;;;;;;;;;;;;;;;;;;;;;;;;;;;;;;;;;;;;;;;;;;;;;;;;;;;;;;;;;;;;;;;;;;;;;;;;;;;;;;;;;;;;480;358;0;0;0;0;FIBNDA2406010;;;
2026-06-06T05:14:24Z;wigos_id:0-22000-0-6990605;ARVORI;131.59325;-4.945083333333333;hydraulic;1;1;1;300534063313500;351;;;;;;;;;;50;;;;;;;;;;;;;;;;;;;;;;;;;;;;;;;;;;;;;;;;;;;;;;;;;;;;;;;;;;;;;;;;;;;;;;;;;;;;;;;;;;;;;;;;;;;;;;;;;;;;;;;;;;;;;;;;;;;;;;;;;;;;;;;;;;;;;;;;;;;;;;;;;;;;;;;;;;;;;;;;;;;;;;;;;;;;;;;;;;;;;;;;;;;;;;;;;;;;;;;;;;;;480;358;0;0;0;0;FIBNDA2406010;;;
2026-06-06T05:14:24Z;wigos_id:0-22000-0-6990605;ARVORI;131.59325;-4.945083333333333;hydraulic;1;1;1;300534063313500;351;;;;;;;;;;50;;;;;;;;;;;;;;;;;;;;;;;;;;;;;;;;;;;;;;;;;;;;;;;;;;;;;;;;;;;;;;;;;;;;;;;;;;;;;;;;;;;;;;;;;;;;;;;;;;;;;;;;;;;;;;;;;;;;;;;;;;;;;;;;;;;;;;;;;;;;;;;;;;;;;;;;;;;;;;;;;;;;;;;;;;;;;;;;;;;;;;;;;;;;;;;;;;;;;;;;;;;;480;358;0;0;0;0;FIBNDA2406010;;;
